Character,Strokes,Grade,English meaning,Readings
一,1,1,one,イチ、イツ、ひと、ひと-つ
右,5,1,right (direction),ウ、ユウ、みぎ
雨,8,1,rain,ウ、あめ、（あま）
円,4,1,round;  yen,エン、まる-い
王,4,1,king,オウ
音,9,1,sound,オン、イン、おと、ね
下,3,1,below,カ、ゲ、した、しも、もと、さ-げる、さ-がる、くだ-る、くだ-す、くだ-さる、お-ろす、お-りる
火,4,1,fire,カ、ひ、（ほ）
花,7,1,flower,カ、はな
貝,7,1,shellfish,かい
学,8,1,study,ガク、まな-ぶ
気,6,1,feeling,キ、ケ
九,2,1,nine,キュウ、ク、ここの、ここの-つ
休,6,1,rest,キュウ、やす-む、やす-まる、やす-める
玉,5,1,ball,ギョク、たま
金,8,1,gold,キン、コン、かね、（かな）
空,8,1,sky,クウ、そら、あ-く、あ-ける、から
月,4,1,month;  moon,ゲツ、ガツ、つき
犬,4,1,dog,ケン、いぬ
見,7,1,see,ケン、み-る、み-える、み-せる
五,4,1,five,ゴ、いつ、いつ-つ
口,3,1,mouth,コウ、ク、くち
校,10,1,school,コウ
左,5,1,left (direction),サ、ひだり
三,3,1,three,サン、み、み-つ、みっ-つ
山,3,1,mountain,サン、やま
子,3,1,child,シ、ス、こ
四,5,1,four,シ、よ、よ-つ、よっ-つ、よん
糸,6,1,thread,シ、いと
字,6,1,letter,ジ、あざ
耳,6,1,ear,ジ、みみ
七,2,1,seven,シチ、なな、なな-つ、（なの）
車,7,1,car,シャ、くるま
手,4,1,hand,シュ、て、（た）
十,2,1,ten,ジュウ、ジッ、とお、と
出,5,1,exit,シュツ、（スイ）、で-る、だ-す
女,3,1,woman,ジョ、ニョ、（ニョウ）、おんな、め
小,3,1,small,ショウ、ちい-さい、こ、お
上,3,1,up,ジョウ、（ショウ）、うえ、（うわ）、かみ、あ-げる、あ-がる、のぼ-る、のぼ-せる、のぼ-す
森,12,1,forest,シン、もり
人,2,1,person,ジン、ニン、ひと
水,4,1,water,スイ、みず
正,5,1,correct,セイ、ショウ、ただ-しい、ただ-す、まさ
生,5,1,life,セイ、ショウ、い-きる、い-かす、い-ける、う-まれる、う-む、お-う、は-える、は-やす、き、なま
青,8,1,blue,セイ、（ショウ）、あお、あお-い
夕,3,1,evening,セキ、ゆう
石,5,1,stone,セキ、（シャク）、（コク）、いし
赤,7,1,red,セキ、（シャク）、あか、あか-い、あか-らむ、あか-らめる
千,3,1,thousand,セン、ち
川,3,1,river,セン、かわ
先,6,1,previous,セン、さき
早,6,1,early,ソウ、（サッ）、はや-い、はや-まる、はや-める
草,9,1,grass,ソウ、くさ
足,7,1,foot,ソク、あし、た-りる、た-る、た-す
村,7,1,village,ソン、むら
大,3,1,large,ダイ、タイ、おお、おお-きい、おお-いに
男,7,1,male,ダン、ナン、おとこ
竹,6,1,bamboo,チク、たけ
中,4,1,middle,チュウ、（ジュウ）、なか
虫,6,1,insect,チュウ、むし
町,7,1,town,チョウ、まち
天,4,1,heaven,テン、あめ、（あま）
田,5,1,rice paddy,デン、た
土,3,1,soil,ド、ト、つち
二,2,1,two,ニ、ふた、ふた-つ
日,4,1,day,ニチ、ジツ、ひ、か
入,2,1,enter,ニュウ、い-る、い-れる、はい-る
年,6,1,year,ネン、とし
白,5,1,white,ハク、ビャク、しろ、（しら）、しろ-い
八,2,1,eight,ハチ、や、や-つ、やっ-つ、（よう）
百,6,1,hundred,ヒャク
文,4,1,writing,ブン、モン、ふみ
木,4,1,tree,ボク、モク、き、（こ）
本,5,1,book,ホン、もと
名,6,1,name,メイ、ミョウ、な
目,5,1,eye,モク、（ボク）、め、（ま）
立,5,1,stand up,リツ、（リュウ）、た-つ、た-てる
力,2,1,power,リョク、リキ、ちから
林,8,1,woods,リン、はやし
六,4,1,six,ロク、む、む-つ、むっ-つ、（むい）
引,4,2,pull,イン、ひ-く、ひ-ける
羽,6,2,feather,ウ、は、はね
雲,12,2,cloud,ウン、くも
園,13,2,garden,エン、その
遠,13,2,far,エン、（オン）、とお-い
何,7,2,what,カ、なに、（なん）
科,9,2,section,カ
夏,10,2,summer,カ、（ゲ）、なつ
家,10,2,house,カ、ケ、いえ、や
歌,14,2,song,カ、うた、うた-う
画,8,2,tableau,ガ、カク
回,6,2,times,カイ、（エ）、まわ-る、まわ-す
会,6,2,association,カイ、エ、あ-う
海,9,2,sea,カイ、うみ
絵,12,2,picture,カイ、エ
外,5,2,outside,ガイ、ゲ、そと、ほか、はず-す、はず-れる
角,7,2,angle,カク、かど、つの
楽,13,2,pleasure,ガク、ラク、たの-しい、たの-しむ
活,9,2,active,カツ
間,12,2,interval,カン、ケン、あいだ、ま
丸,3,2,circle,ガン、まる、まる-い、まる-める
岩,8,2,boulder,ガン、いわ
顔,18,2,face,ガン、かお
汽,7,2,steam,キ
記,10,2,write down,キ、しる-す
帰,10,2,return,キ、かえ-る、かえ-す
弓,3,2,bow (archery; violin),キュウ、ゆみ
牛,4,2,cow,ギュウ、うし
魚,11,2,fish,ギョ、うお、さかな
京,8,2,capital,キョウ、ケイ
強,11,2,strong,キョウ、ゴウ、つよ-い、つよ-まる、つよ-める、し-いる
教,11,2,teach,キョウ、おし-える、おそ-わる
近,7,2,near,キン、ちか-い
兄,5,2,older brother,ケイ、（キョウ）、あに
形,7,2,shape,ケイ、ギョウ、かた、かたち
計,9,2,measure,ケイ、はか-る、はか-らう
元,4,2,origin,ゲン、ガン、もと
言,7,2,say,ゲン、ゴン、い-う、こと
原,10,2,field,ゲン、はら
戸,4,2,door,コ、と
古,5,2,old,コ、ふる-い、ふる-す
午,4,2,noon,ゴ
後,9,2,behind,ゴ、コウ、のち、うし-ろ、あと、おく-れる
語,14,2,language,ゴ、かた-る、かた-らう
工,3,2,craft,コウ、ク
公,4,2,public,コウ、おおやけ
広,5,2,wide,コウ、ひろ-い、ひろ-まる、ひろ-める、ひろ-がる、ひろ-げる
交,6,2,mix,コウ、まじ-わる、まじ-える、ま-じる、ま-ざる、ま-ぜる、か-う、か-わす
光,6,2,ray,コウ、ひか-る、ひかり
考,6,2,think,コウ、かんが-える
行,6,2,go,コウ、ギョウ、（アン）、い-く、ゆ-く、おこな-う
高,10,2,tall; expensive,コウ、たか-い、たか、たか-まる、たか-める
黄,11,2,yellow,コウ、オウ、き、（こ）
合,6,2,fit,ゴウ、ガッ、（カッ）、あ-う、あ-わす、あ-わせる
谷,7,2,valley,コク、たに
国,8,2,country,コク、くに
黒,11,2,black,コク、くろ、くろ-い
今,4,2,now,コン、キン、いま
才,3,2,genius,サイ
細,11,2,thin,サイ、ほそ-い、ほそ-る、こま-か、こま-かい
作,7,2,make,サク、サ、つく-る
算,14,2,calculate,サン
止,4,2,stop,シ、と-まる、と-める
市,5,2,market,シ、いち
矢,5,2,arrow,シ、や
姉,8,2,older sister,シ、あね
思,9,2,think,シ、おも-う
紙,10,2,paper,シ、かみ
寺,6,2,Buddhist temple,ジ、てら
自,6,2,oneself,ジ、シ、みずか-ら
時,10,2,time,ジ、とき
室,9,2,room,シツ、むろ
社,7,2,company,シャ、やしろ
弱,10,2,weak,ジャク、よわ-い、よわ-る、よわ-まる、よわ-める
首,9,2,neck,シュ、くび
秋,9,2,autumn,シュウ、あき
週,11,2,week,シュウ
春,9,2,springtime,シュン、はる
書,10,2,write,ショ、か-く
少,4,2,few,ショウ、すく-ない、すこ-し
場,12,2,place,ジョウ、ば
色,6,2,color,ショク、シキ、いろ
食,9,2,eat; meal,ショク、（ジキ）、く-う、く-らう、た-べる
心,4,2,heart,シン、こころ
新,13,2,new,シン、あたら-しい、あら-た、にい
親,16,2,parent,シン、おや、した-しい、した-しむ
図,7,2,diagram,ズ、ト、はか-る
数,13,2,number,スウ、（ス）、かず、かぞ-える
西,6,2,west,セイ、サイ、にし
声,7,2,voice,セイ、（ショウ）、こえ、（こわ）
星,9,2,star,セイ、（ショウ）、ほし
晴,12,2,clear up,セイ、は-れる、は-らす
切,4,2,cut,セツ、（サイ）、き-る、き-れる
雪,11,2,snow,セツ、ゆき
船,11,2,boat,セン、ふね、（ふな）
線,15,2,line,セン
前,9,2,in front,ゼン、まえ
組,11,2,association,ソ、く-む、くみ
走,7,2,run,ソウ、はし-る
多,6,2,many,タ、おお-い
太,4,2,thick,タイ、タ、ふと-い、ふと-る
体,7,2,body,タイ、テイ、からだ
台,5,2,pedestal,ダイ、タイ
地,6,2,ground,チ、ジ
池,6,2,pond,チ、いけ
知,8,2,know,チ、し-る
茶,9,2,tea,チャ、サ
昼,9,2,daytime,チュウ、ひる
長,8,2,long,チョウ、なが-い
鳥,11,2,bird,チョウ、とり
朝,12,2,morning,チョウ、あさ
直,8,2,straight,チョク、ジキ、ただ-ちに、なお-す、なお-る
通,10,2,pass through,ツウ、（ツ）、とお-る、とお-す、かよ-う
弟,7,2,younger brother,テイ、（ダイ）、（デ）、おとうと
店,8,2,shop,テン、みせ
点,9,2,point,テン
電,13,2,electricity,デン
刀,2,2,sword,トウ、かたな
冬,5,2,winter,トウ、ふゆ
当,6,2,hit,トウ、あ-たる、あ-てる
東,8,2,east,トウ、ひがし
答,12,2,answer,トウ、こた-える、こた-え
頭,16,2,head,トウ、ズ、（ト）、あたま、かしら
同,6,2,same,ドウ、おな-じ
道,12,2,road,ドウ、（トウ）、みち
読,14,2,read,ドク、トク、（トウ）、よ-む
内,4,2,inside,ナイ、（ダイ）、うち
南,9,2,south,ナン、（ナ）、みなみ
肉,6,2,meat,ニク
馬,10,2,horse,バ、うま、（ま）
売,7,2,sell,バイ、う-る、う-れる
買,12,2,buy,バイ、か-う
麦,7,2,wheat,バク、むぎ
半,5,2,half,ハン、なか-ば
番,12,2,one's turn,バン
父,4,2,father,フ、ちち
風,9,2,wind,フウ、（フ）、かぜ、（かざ）
分,4,2,part;  minute of time,ブン、フン、ブ、わ-ける、わ-かれる、わ-かる、わ-かつ
聞,14,2,hear,ブン、モン、き-く、き-こえる
米,6,2,rice,ベイ、マイ、こめ
歩,8,2,walk,ホ、ブ、（フ）、ある-く、あゆ-む
母,5,2,mother,ボ、はは
方,4,2,direction,ホウ、かた
北,5,2,north,ホク、きた
毎,6,2,every,マイ
妹,8,2,younger sister,マイ、いもうと
万,3,2,ten thousand,マン、バン
明,8,2,bright,メイ、ミョウ、あ-かり、あか-るい、あか-るむ、あか-らむ、あき-らか、あ-ける、あ-く、あ-くる、あ-かす
鳴,14,2,chirp,メイ、な-く、な-る、な-らす
毛,4,2,hair,モウ、け
門,8,2,gates,モン、かど
夜,8,2,night,ヤ、よ、よる
野,11,2,field,ヤ、の
友,4,2,friend,ユウ、とも
用,5,2,use,ヨウ、もち-いる
曜,18,2,day of the week,ヨウ
来,7,2,come,ライ、く-る、きた-る、きた-す
里,7,2,village,リ、さと
理,11,2,reason,リ
話,13,2,talk,ワ、はな-す、はなし
悪,11,3,bad,アク、オ、わる-い
安,6,3,cheap,アン、やす-い
暗,13,3,dark,アン、くら-い
医,7,3,doctor,イ
委,8,3,committee,イ、ゆだ-ねる
意,13,3,idea,イ
育,8,3,nurture,イク、そだ-つ、そだ-てる、はぐく-む
員,10,3,member,イン
院,10,3,institution,イン
飲,12,3,drink,イン、の-む
運,12,3,carry,ウン、はこ-ぶ
泳,8,3,swim,エイ、およ-ぐ
駅,14,3,station,エキ
央,5,3,center,オウ
横,15,3,side,オウ、よこ
屋,9,3,roof,オク、や
温,12,3,warm,オン、あたた-か、あたた-かい、あたた-まる、あたた-める
化,4,3,change,カ、ケ、ば-ける、ば-かす
荷,10,3,luggage,カ、に
界,9,3,world,カイ
開,12,3,open,カイ、ひら-く、ひら-ける、あ-く、あ-ける
階,12,3,floor of a building,カイ
寒,12,3,cold,カン、さむ-い
感,13,3,feeling,カン
漢,13,3,China,カン
館,16,3,public building,カン、やかた
岸,8,3,beach,ガン、きし
起,10,3,wake up,キ、お-きる、お-こる、お-こす
期,12,3,period of time,キ、（ゴ）
客,9,3,guest,キャク、カク
究,7,3,research,キュウ、きわ-める
急,9,3,hurry,キュウ、いそ-ぐ
級,9,3,rank,キュウ
宮,10,3,Shinto shrine,キュウ、グウ、（ク）、みや
球,11,3,sphere,キュウ、たま
去,5,3,leave,キョ、コ、さ-る
橋,16,3,bridge,キョウ、はし
業,13,3,business,ギョウ、ゴウ、わざ
曲,6,3,musical composition,キョク、ま-がる、ま-げる
局,7,3,office,キョク
銀,14,3,silver,ギン
区,4,3,ward,ク
苦,8,3,suffer,ク、くる-しい、くる-しむ、くる-しめる、にが-い、にが-る
具,8,3,tool,グ
君,7,3,you,クン、きみ
係,9,3,person in charge,ケイ、かか-る、かかり
軽,12,3,light,ケイ、かる-い、かろ-やか
血,6,3,blood,ケツ、ち
決,7,3,decide,ケツ、き-める、き-まる
研,9,3,sharpen,ケン、と-ぐ
県,9,3,prefecture,ケン
庫,10,3,warehouse,コ、（ク）
湖,12,3,lake,コ、みずうみ
向,6,3,over there,コウ、む-く、む-ける、む-かう、む-こう
幸,8,3,happiness,コウ、さいわ-い、さち、しあわ-せ
港,12,3,harbor,コウ、みなと
号,5,3,number,ゴウ
根,10,3,root,コン、ね
祭,11,3,festival,サイ、まつ-る、まつ-り
皿,5,3,dish,さら
仕,5,3,do,シ、（ジ）、つか-える
死,6,3,death,シ、し-ぬ
使,8,3,use,シ、つか-う
始,8,3,begin,シ、はじ-める、はじ-まる
指,9,3,finger,シ、ゆび、さ-す
歯,12,3,tooth,シ、は
詩,13,3,poem,シ
次,6,3,next,ジ、シ、つ-ぐ、つぎ
事,8,3,abstract thing,ジ、（ズ）、こと
持,9,3,hold,ジ、も-つ
式,6,3,style,シキ
実,8,3,truth,ジツ、み、みの-る
写,5,3,copy,シャ、うつ-す、うつ-る
者,8,3,someone,シャ、もの
主,5,3,master,シュ、（ス）、ぬし、おも
守,6,3,protect,シュ、（ス）、まも-る、も-り
取,8,3,take,シュ、と-る
酒,10,3,alcoholic drink,シュ、さけ、（さか）
受,8,3,accept,ジュ、う-ける、う-かる
州,6,3,state,シュウ、す
拾,9,3,pick up,シュウ、ジュウ、ひろ-う
終,11,3,end,シュウ、お-わる、お-える
習,11,3,learn,シュウ、なら-う
集,12,3,collect,シュウ、あつ-まる、あつ-める、つど-う
住,7,3,dwelling,ジュウ、す-む、す-まう
重,9,3,heavy,ジュウ、チョウ、え、おも-い、かさ-ねる、かさ-なる
宿,11,3,inn,シュク、やど、やど-る、やど-す
所,8,3,place,ショ、ところ
暑,12,3,hot,ショ、あつ-い
助,7,3,help,ジョ、たす-ける、たす-かる、すけ
昭,9,3,shining,ショウ
消,10,3,extinguish,ショウ、き-える、け-す
商,11,3,sell,ショウ、あきな-う
章,11,3,chapter,ショウ
勝,12,3,win,ショウ、か-つ、まさ-る
乗,9,3,ride,ジョウ、の-る、の-せる
植,12,3,plant,ショク、う-える、う-わる
申,5,3,say,シン、もう-す
身,7,3,body,シン、み
神,9,3,god,シン、ジン、かみ、（かん）、（こう）
真,10,3,TRUE,シン、ま
深,11,3,deep,シン、ふか-い、ふか-まる、ふか-める
進,11,3,advance,シン、すす-む、すす-める
世,5,3,world,セイ、セ、よ
整,16,3,put in order,セイ、ととの-える、ととの-う
昔,8,3,long ago,セキ、（シャク）、むかし
全,6,3,whole,ゼン、まった-く、すべ-て
相,9,3,mutual,ソウ、ショウ、あい
送,9,3,send,ソウ、おく-る
想,13,3,concept,ソウ、（ソ）
息,10,3,breath,ソク、いき
速,10,3,fast,ソク、はや-い、はや-める、はや-まる、すみ-やか
族,11,3,tribe,ゾク
他,5,3,other,タ、ほか
打,5,3,hit,ダ、う-つ
対,7,3,opposite,タイ、ツイ
待,9,3,wait,タイ、ま-つ
代,5,3,substitute,ダイ、タイ、か-わる、か-える、よ、しろ
第,11,3,ordinal number prefix,ダイ
題,18,3,topic,ダイ
炭,9,3,charcoal,タン、すみ
短,12,3,short,タン、みじか-い
談,15,3,discuss,ダン
着,12,3,wear,チャク、（ジャク）、き-る、き-せる、つ-く、つ-ける
注,8,3,pour,チュウ、そそ-ぐ
柱,9,3,pillar,チュウ、はしら
丁,2,3,ward,チョウ、テイ
帳,11,3,account book,チョウ
調,15,3,investigate,チョウ、しら-べる、ととの-う、ととの-える
追,9,3,follow,ツイ、お-う
定,8,3,decide,テイ、ジョウ、さだ-める、さだ-まる、さだ-か
庭,10,3,garden,テイ、にわ
笛,11,3,flute,テキ、ふえ
鉄,13,3,iron,テツ
転,11,3,revolve,テン、ころ-がる、ころ-げる、ころ-がす、ころ-ぶ
都,11,3,metropolis,ト、ツ、みやこ
度,9,3,degrees,ド、（ト）、（タク）、たび
投,7,3,throw,トウ、な-げる
豆,7,3,beans,トウ、（ズ）、まめ
島,10,3,island,トウ、しま
湯,12,3,hot water,トウ、ゆ
登,12,3,climb,トウ、ト、のぼ-る
等,12,3,class,トウ、ひと-しい
動,11,3,move,ドウ、うご-く、うご-かす
童,12,3,juvenile,ドウ、わらべ
農,13,3,farming,ノウ
波,8,3,wave,ハ、なみ
配,10,3,distribute,ハイ、くば-る
倍,10,3,double,バイ
箱,15,3,box,はこ
畑,9,3,farm,はた、はたけ
発,9,3,departure,ハツ、ホツ
反,4,3,anti-,ハン、（ホン）、（タン）、そ-る、そ-らす
坂,7,3,slope,ハン、さか
板,8,3,board,ハン、バン、いた
皮,5,3,skin,ヒ、かわ
悲,12,3,sad,ヒ、かな-しい、かな-しむ
美,9,3,beauty,ビ、うつく-しい
鼻,14,3,nose,ビ、はな
筆,12,3,writing brush,ヒツ、ふで
氷,5,3,ice,ヒョウ、こおり、ひ
表,8,3,express,ヒョウ、おもて、あらわ-す、あらわ-れる
秒,9,3,second (part of time),ビョウ
病,10,3,sick,ビョウ、（ヘイ）、や-む、やまい
品,9,3,article,ヒン、しな
負,9,3,lose,フ、ま-ける、ま-かす、お-う
部,11,3,part,ブ
服,8,3,clothes,フク
福,13,3,luck,フク
物,8,3,thing,ブツ、モツ、もの
平,5,3,flat,ヘイ、ビョウ、たい-ら、ひら
返,7,3,return,ヘン、かえ-す、かえ-る
勉,10,3,exertion,ベン
放,8,3,release,ホウ、はな-す、はな-つ、はな-れる、ほう-る
味,8,3,flavor,ミ、あじ、あじ-わう
命,8,3,fate,メイ、ミョウ、いのち
面,9,3,face,メン、おも、おもて、つら
問,11,3,question,モン、と-う、と-い、（とん）
役,7,3,service,ヤク、エキ
薬,16,3,medicine,ヤク、くすり
由,5,3,reason,ユ、ユウ、（ユイ）、よし
油,8,3,oil,ユ、あぶら
有,6,3,have,ユウ、ウ、あ-る
遊,12,3,play,ユウ、（ユ）、あそ-ぶ
予,4,3,in advance,ヨ
羊,6,3,sheep,ヨウ、ひつじ
洋,9,3,ocean,ヨウ
葉,12,3,leaf,ヨウ、は
陽,12,3,sunshine,ヨウ
様,14,3,formal title,ヨウ、さま
落,12,3,fall,ラク、お-ちる、お-とす
流,10,3,stream,リュウ、（ル）、なが-れる、なが-す
旅,10,3,trip,リョ、たび
両,6,3,both,リョウ
緑,14,3,green,リョク、（ロク）、みどり
礼,5,3,thanks,レイ、ライ
列,6,3,row,レツ
練,14,3,practice,レン、ね-る
路,13,3,road,ロ、じ
和,8,3,peace,ワ、（オ）、やわ-らぐ、やわ-らげる、なご-む、なご-やか
愛,13,4,love,アイ
案,10,4,plan,アン
以,5,4,by means of,イ
衣,6,4,clothes,イ、ころも
位,7,4,rank,イ、くらい
茨,9,4,thorn,（いばら）
印,6,4,mark,イン、しるし
英,8,4,England,エイ
栄,9,4,prosperity,エイ、さか-える、は-え、は-える
媛,12,4,princess; beautiful woman,エン
塩,13,4,salt,エン、しお
岡,8,4,hill,（おか）
億,15,4,hundred million,オク
加,5,4,add,カ、くわ-える、くわ-わる
果,8,4,fruit,カ、は-たす、は-てる、は-て
貨,11,4,freight,カ
課,15,4,section,カ
芽,8,4,bud,ガ、め
賀,12,4,congratulations,ガ
改,7,4,reformation,カイ、あらた-める、あらた-まる
械,11,4,contraption,カイ
害,10,4,harm,ガイ
街,12,4,street,ガイ、（カイ）、まち
各,6,4,each,カク、おのおの
覚,12,4,memorize,カク、おぼ-える、さ-ます、さ-める
潟,15,4,lagoon,かた
完,7,4,perfect,カン
官,8,4,government official,カン
管,14,4,pipe,カン、くだ
関,14,4,related,カン、せき、かか-わる
観,18,4,observe,カン
願,19,4,request,ガン、ねが-う
岐,7,4,branch off,キ
希,7,4,hope,キ
季,8,4,seasons,キ
旗,14,4,national flag,キ、はた
器,15,4,container,キ、うつわ
機,16,4,machine,キ、はた
議,20,4,deliberation,ギ
求,7,4,request,キュウ、もと-める
泣,8,4,cry,キュウ、な-く
給,12,4,salary,キュウ
挙,10,4,raise,キョ、あ-げる、あ-がる
漁,14,4,fishing,ギョ、リョウ
共,6,4,together,キョウ、とも
協,8,4,cooperation,キョウ
鏡,19,4,mirror,キョウ、かがみ
競,20,4,compete,キョウ、ケイ、きそ-う、せ-る
極,12,4,poles,キョク、ゴク、きわ-める、きわ-まる、きわ-み
熊,14,4,bear,くま
訓,10,4,instruction,クン
軍,9,4,army,グン
郡,10,4,county,グン
群,13,4,flock,グン、む-れる、む-れ、（むら）
径,8,4,diameter,ケイ
景,12,4,scenery,ケイ
芸,7,4,art,ゲイ
欠,4,4,lack,ケツ、か-ける、か-く
結,12,4,tie,ケツ、むす-ぶ、ゆ-う、ゆ-わえる
建,9,4,build,ケン、（コン）、た-てる、た-つ
健,11,4,healthy,ケン、すこ-やか
験,18,4,test,ケン、（ゲン）
固,8,4,hard,コ、かた-める、かた-まる、かた-い
功,5,4,achievement,コウ、（ク）
好,6,4,like,コウ、この-む、す-く
香,9,4,incense,コウ、（キョウ）、か、かお-り、かお-る
候,10,4,climate,コウ、そうろう
康,11,4,health,コウ
佐,7,4,help,サ
差,10,4,distinction,サ、さ-す
菜,11,4,vegetable,サイ、な
最,12,4,most,サイ、もっと-も
埼,11,4,cape (geography),（さい）
材,7,4,lumber,ザイ
崎,11,4,promontory,さき
昨,9,4,previous,サク
札,5,4,tag,サツ、ふだ
刷,8,4,printing,サツ、す-る
察,14,4,guess,サツ
参,8,4,participate,サン、まい-る
産,11,4,give birth,サン、う-む、う-まれる、うぶ
散,12,4,scatter,サン、ち-る、ち-らす、ち-らかす、ち-らかる
残,10,4,remainder,ザン、のこ-る、のこ-す
氏,4,4,family name,シ、うじ
司,5,4,director,シ
試,13,4,test,シ、こころ-みる、ため-す
児,7,4,child,ジ、（ニ）
治,8,4,govern,ジ、チ、おさ-める、おさ-まる、なお-る、なお-す
滋,12,4,nourishing,ジ
辞,13,4,resign,ジ、や-める
鹿,11,4,deer,しか、（か）
失,5,4,lose,シツ、うしな-う
借,10,4,borrow,シャク、か-りる
種,14,4,kind,シュ、たね
周,8,4,circumference,シュウ、まわ-り
祝,9,4,celebrate,シュク、（シュウ）、いわ-う
順,12,4,obey,ジュン
初,7,4,first,ショ、はじ-め、はじ-めて、はつ、うい、そ-める
松,8,4,pine,ショウ、まつ
笑,10,4,laugh,ショウ、わら-う、え-む
唱,11,4,chant,ショウ、とな-える
焼,12,4,bake,ショウ、や-く、や-ける
照,13,4,illuminate,ショウ、て-る、て-らす、て-れる
城,9,4,castle,ジョウ、しろ
縄,15,4,straw rope,ジョウ、なわ
臣,7,4,retainer,シン、ジン
信,9,4,trust,シン
井,4,4,well,セイ、（ショウ）、い
成,6,4,become,セイ、（ジョウ）、な-る、な-す
省,9,4,government ministry,セイ、ショウ、かえり-みる、はぶ-く
清,11,4,pure,セイ、（ショウ）、きよ-い、きよ-まる、きよ-める
静,14,4,quiet,セイ、（ジョウ）、しず、しず-か、しず-まる、しず-める
席,10,4,seat,セキ
積,16,4,accumulate,セキ、つ-む、つ-もる
折,7,4,fold,セツ、お-る、おり、お-れる
節,13,4,node,セツ、（セチ）、ふし
説,14,4,theory,セツ、（ゼイ）、と-く
浅,9,4,shallow,セン、あさ-い
戦,13,4,war,セン、いくさ、たたか-う
選,15,4,choose,セン、えら-ぶ
然,12,4,so,ゼン、ネン
争,6,4,conflict,ソウ、あらそ-う
倉,10,4,warehouse,ソウ、くら
巣,11,4,nest,ソウ、す
束,7,4,bundle,ソク、たば
側,11,4,side,ソク、がわ
続,13,4,continue,ゾク、つづ-く、つづ-ける
卒,8,4,graduate,ソツ
孫,10,4,grandchild,ソン、まご
帯,10,4,sash,タイ、お-びる、おび
隊,12,4,group,タイ
達,12,4,attain,タツ
単,9,4,simple,タン
置,13,4,put,チ、お-く
仲,6,4,relationship,チュウ、なか
沖,7,4,open sea,チュウ、おき
兆,6,4,portent;  trillion,チョウ、きざ-す、きざ-し
低,7,4,low,テイ、ひく-い、ひく-める、ひく-まる
底,8,4,bottom,テイ、そこ
的,8,4,target,テキ、まと
典,8,4,code,テン
伝,6,4,transmit,デン、つた-わる、つた-える、つた-う
徒,10,4,junior,ト
努,7,4,toil,ド、つと-める
灯,6,4,lamp,トウ、ひ
働,13,4,work,ドウ、はたら-く
特,10,4,special,トク
徳,14,4,benevolence,トク
栃,9,4,horse chestnut,（とち）
奈,8,4,what,ナ
梨,11,4,pear tree,なし
熱,15,4,heat,ネツ、あつ-い
念,8,4,thought,ネン
敗,11,4,failure,ハイ、やぶ-れる
梅,10,4,ume (Japanese apricot),バイ、うめ
博,12,4,Dr.,ハク、（バク）
阪,7,4,heights,ハン
飯,12,4,meal,ハン、めし
飛,9,4,fly,ヒ、と-ぶ、と-ばす
必,5,4,without fail,ヒツ、かなら-ず
票,11,4,ballot,ヒョウ
標,15,4,signpost,ヒョウ
不,4,4,non-,フ、ブ
夫,4,4,husband,フ、（フウ）、おっと
付,5,4,attach,フ、つ-ける、つ-く
府,8,4,urban prefecture,フ
阜,8,4,mound,（フ）
富,12,4,rich,フ、（フウ）、と-む、とみ
副,11,4,vice,フク
兵,7,4,soldier,ヘイ、ヒョウ
別,7,4,separate,ベツ、わか-れる
辺,5,4,environs,ヘン、あた-り、べ
変,9,4,change,ヘン、か-わる、か-える
便,9,4,convenience,ベン、ビン、たよ-り
包,5,4,wrap,ホウ、つつ-む
法,8,4,method,ホウ、（ハッ）、（ホッ）
望,11,4,hope,ボウ、モウ、のぞ-む
牧,8,4,breed,ボク、まき
末,5,4,end,マツ、バツ、すえ
満,12,4,full,マン、み-ちる、み-たす
未,5,4,not yet,ミ
民,5,4,people,ミン、たみ
無,12,4,nothing,ム、ブ、な-い
約,9,4,promise,ヤク
勇,9,4,courage,ユウ、いさ-む
要,9,4,need,ヨウ、かなめ、い-る
養,15,4,foster,ヨウ、やしな-う
浴,10,4,bathe,ヨク、あ-びる、あ-びせる
利,7,4,profit,リ、き-く
陸,11,4,land,リク
良,7,4,good,リョウ、よ-い
料,10,4,fee,リョウ
量,12,4,quantity,リョウ、はか-る
輪,15,4,wheel,リン、わ
類,18,4,sort,ルイ、たぐ-い
令,5,4,orders,レイ
冷,7,4,cool,レイ、つめ-たい、ひ-える、ひ-や、ひ-やす、ひ-やかす、さ-める、さ-ます
例,8,4,example,レイ、たと-える
連,10,4,take along,レン、つら-なる、つら-ねる、つ-れる
老,6,4,old man,ロウ、お-いる、ふ-ける
労,7,4,labour,ロウ
録,16,4,record,ロク
圧,5,5,pressure,アツ
囲,7,5,surround,イ、かこ-む、かこ-う
移,11,5,shift,イ、うつ-る、うつ-す
因,6,5,cause,イン、よ-る
永,5,5,eternity,エイ、なが-い
営,12,5,manage,エイ、いとな-む
衛,16,5,defense,エイ
易,8,5,easy,エキ、イ、やさ-しい
益,10,5,benefit,エキ、（ヤク）
液,11,5,fluid,エキ
演,14,5,perform,エン
応,7,5,respond,オウ、こた-える
往,8,5,outward journey,オウ
桜,10,5,cherry tree,オウ、さくら
可,5,5,possible,カ
仮,6,5,temporary,カ、（ケ）、かり
価,8,5,value,カ、あたい
河,8,5,river,カ、かわ
過,12,5,go beyond,カ、す-ぎる、す-ごす、あやま-つ、あやま-ち
快,7,5,cheerful,カイ、こころよ-い
解,13,5,untie,カイ、ゲ、と-く、と-かす、と-ける
格,10,5,status,カク、（コウ）
確,15,5,certain,カク、たし-か、たし-かめる
額,18,5,amount,ガク、ひたい
刊,5,5,publish,カン
幹,13,5,tree-trunk,カン、みき
慣,14,5,accustomed,カン、な-れる、な-らす
眼,11,5,eyeball,ガン、（ゲン）、まなこ
紀,9,5,chronicle,キ
基,11,5,foundation,キ、もと、もとい
寄,11,5,approach,キ、よ-る、よ-せる
規,11,5,rule,キ
喜,12,5,rejoice,キ、よろこ-ぶ
技,7,5,skill,ギ、わざ
義,13,5,righteousness,ギ
逆,9,5,inverted,ギャク、さか、さか-らう
久,3,5,long time,キュウ、（ク）、ひさ-しい
旧,5,5,old times,キュウ
救,11,5,salvation,キュウ、すく-う
居,8,5,reside,キョ、い-る
許,11,5,permit,キョ、ゆる-す
境,14,5,boundary,キョウ、（ケイ）、さかい
均,7,5,level,キン
禁,13,5,prohibition,キン
句,5,5,phrase,ク
型,9,5,model,ケイ、かた
経,11,5,manage,ケイ、キョウ、へ-る
潔,15,5,undefiled,ケツ、いさぎよ-い
件,6,5,affair,ケン
険,11,5,precipitous,ケン、けわ-しい
検,12,5,examine,ケン
限,9,5,limit,ゲン、かぎ-る
現,11,5,appear,ゲン、あらわ-れる、あらわ-す
減,12,5,decrease,ゲン、へ-る、へ-らす
故,9,5,circumstances,コ、ゆえ
個,10,5,individual,コ
護,20,5,safeguard,ゴ
効,8,5,effect,コウ、き-く
厚,9,5,thick,コウ、あつ-い
耕,10,5,till,コウ、たがや-す
航,10,5,cruise,コウ
鉱,13,5,mineral,コウ
構,14,5,construct,コウ、かま-える、かま-う
興,16,5,entertain,コウ、キョウ、おこ-る、おこ-す
講,17,5,lecture,コウ
告,7,5,tell,コク、つ-げる
混,11,5,mix,コン、ま-じる、ま-ざる、ま-ぜる、こ-む
査,9,5,investigate,サ
再,6,5,again,サイ、（サ）、ふたた-び
災,7,5,disaster,サイ、わざわ-い
妻,8,5,wife,サイ、つま
採,11,5,pick,サイ、と-る
際,14,5,occasion,サイ、きわ
在,6,5,exist,ザイ、あ-る
財,10,5,wealth,ザイ、（サイ）
罪,13,5,guilt,ザイ、つみ
殺,10,5,kill,サツ、（サイ）、（セツ）、ころ-す
雑,14,5,miscellaneous,ザツ、ゾウ
酸,14,5,acid,サン、す-い
賛,15,5,approve,サン
士,3,5,gentleman,シ
支,4,5,branch,シ、ささ-える
史,5,5,history,シ
志,7,5,intention,シ、こころざ-す、こころざし
枝,8,5,branch,シ、えだ
師,10,5,expert,シ
資,13,5,resources,シ
飼,13,5,domesticate,シ、か-う
示,5,5,indicate,ジ、シ、しめ-す
似,7,5,becoming,ジ、に-る
識,19,5,discriminating,シキ
質,15,5,quality,シツ、シチ、（チ）
舎,8,5,cottage,シャ
謝,17,5,apologize,シャ、あやま-る
授,11,5,instruct,ジュ、さず-ける、さず-かる
修,10,5,discipline,シュウ、（シュ）、おさ-める、おさ-まる
述,8,5,mention,ジュツ、の-べる
術,11,5,art,ジュツ
準,13,5,standard,ジュン
序,7,5,preface,ジョ
招,8,5,beckon,ショウ、まね-く
証,12,5,evidence,ショウ
象,12,5,elephant,ショウ、ゾウ
賞,15,5,prize,ショウ
条,7,5,clause,ジョウ
状,7,5,form,ジョウ
常,11,5,normal,ジョウ、つね、とこ
情,11,5,feelings,ジョウ、（セイ）、なさ-け
織,18,5,weave,ショク、シキ、お-る
職,18,5,employment,ショク
制,8,5,control,セイ
性,8,5,gender,セイ、ショウ
政,9,5,politics,セイ、（ショウ）、まつりごと
勢,13,5,power,セイ、いきお-い
精,14,5,refined,セイ、（ショウ）
製,14,5,manufacture,セイ
税,12,5,tax,ゼイ
責,11,5,blame,セキ、せ-める
績,17,5,exploits,セキ
接,11,5,contact,セツ、つ-ぐ
設,11,5,establish,セツ、もう-ける
絶,12,5,discontinue,ゼツ、た-える、た-やす、た-つ
祖,9,5,ancestor,ソ
素,10,5,elementary,ソ、ス
総,14,5,whole,ソウ
造,10,5,create,ゾウ、つく-る
像,14,5,statue,ゾウ
増,14,5,increase,ゾウ、ま-す、ふ-える、ふ-やす
則,9,5,rule,ソク
測,12,5,fathom,ソク、はか-る
属,12,5,belong,ゾク
率,11,5,rate,ソツ、リツ、ひき-いる
損,13,5,loss,ソン、そこ-なう、そこ-ねる
貸,12,5,lend,タイ、か-す
態,14,5,condition,タイ
団,6,5,group,ダン、（トン）
断,11,5,cut off,ダン、た-つ、ことわ-る
築,16,5,fabricate,チク、きず-く
貯,12,5,savings,チョ
張,11,5,stretch,チョウ、は-る
停,11,5,halt,テイ
提,12,5,present,テイ、さ-げる
程,12,5,extent,テイ、ほど
適,14,5,suitable,テキ
統,12,5,unite,トウ、す-べる
堂,11,5,public chamber,ドウ
銅,14,5,copper,ドウ
導,15,5,guide,ドウ、みちび-く
得,11,5,acquire,トク、え-る、う-る
毒,8,5,poison,ドク
独,9,5,alone,ドク、ひと-り
任,6,5,responsibility,ニン、まか-せる、まか-す
燃,16,5,burn,ネン、も-える、も-やす、も-す
能,10,5,ability,ノウ
破,10,5,rend,ハ、やぶ-る、やぶ-れる
犯,5,5,crime,ハン、おか-す
判,7,5,judge,ハン、バン
版,8,5,printing block,ハン
比,4,5,compare,ヒ、くら-べる
肥,8,5,fertilizer,ヒ、こ-える、こえ、こ-やす、こ-やし
非,8,5,negative,ヒ
費,12,5,expense,ヒ、つい-やす、つい-える
備,12,5,provide,ビ、そな-える、そな-わる
評,12,5,evaluate,ヒョウ
貧,11,5,poor,ヒン、ビン、まず-しい
布,5,5,linen,フ、ぬの
婦,11,5,lady,フ
武,8,5,military,ブ、ム
復,12,5,again,フク
複,14,5,duplicate,フク
仏,4,5,Buddha,ブツ、ほとけ
粉,10,5,flour,フン、こ、こな
編,15,5,compile,ヘン、あ-む
弁,5,5,valve,ベン
保,9,5,preserve,ホ、たも-つ
墓,13,5,grave,ボ、はか
報,12,5,report,ホウ、むく-いる
豊,13,5,bountiful,ホウ、ゆた-か
防,7,5,prevent,ボウ、ふせ-ぐ
貿,12,5,trade,ボウ
暴,15,5,outburst,ボウ、（バク）、あば-く、あば-れる
脈,10,5,vein,ミャク
務,11,5,duty,ム、つと-める、つと-まる
夢,13,5,dream,ム、ゆめ
迷,9,5,astray,メイ、まよ-う
綿,14,5,cotton,メン、わた
輸,16,5,transport,ユ
余,7,5,leave over,ヨ、あま-る、あま-す
容,10,5,contain,ヨウ
略,11,5,abbreviation,リャク
留,10,5,detain,リュウ、（ル）、と-める、と-まる
領,14,5,territory,リョウ
歴,14,5,curriculum,レキ
胃,9,6,stomach,イ
異,11,6,uncommon,イ、こと
遺,15,6,bequeath,イ、（ユイ）
域,11,6,range,イキ
宇,6,6,eaves,ウ
映,9,6,reflect,エイ、うつ-る、うつ-す、は-える
延,8,6,prolong,エン、の-びる、の-べる、の-ばす
沿,8,6,run alongside,エン、そ-う
恩,10,6,grace,オン
我,7,6,ego; I; we,ガ、われ、わ
灰,6,6,ashes,カイ、はい
拡,8,6,broaden,カク
革,9,6,leather,カク、かわ
閣,14,6,tall,カク
割,12,6,divide,カツ、わ-る、わり、わ-れる、さ-く
株,10,6,stocks,かぶ
干,3,6,dry,カン、ほ-す、ひ-る
巻,9,6,scroll,カン、ま-く、まき
看,9,6,watch over,カン
簡,18,6,simplicity,カン
危,6,6,dangerous,キ、あぶ-ない、あや-うい、あや-ぶむ
机,6,6,desk,キ、つくえ
揮,12,6,brandish,キ
貴,12,6,precious,キ、たっと-い、とうと-い、たっと-ぶ、とうと-ぶ
疑,14,6,doubt,ギ、うたが-う
吸,6,6,suck,キュウ、す-う
供,8,6,offer,キョウ、（ク）、そな-える、とも
胸,10,6,bosom,キョウ、むね、（むな）
郷,11,6,home town,キョウ、ゴウ
勤,12,6,diligence,キン、（ゴン）、つと-める、つと-まる
筋,12,6,muscle,キン、すじ
系,7,6,lineage,ケイ
敬,12,6,respect,ケイ、うやま-う
警,19,6,guard against,ケイ
劇,15,6,drama,ゲキ
激,16,6,violent,ゲキ、はげ-しい
穴,5,6,hole,ケツ、あな
券,8,6,ticket,ケン
絹,13,6,silk,ケン、きぬ
権,15,6,rights,ケン、（ゴン）
憲,16,6,constitution,ケン
源,13,6,origin,ゲン、みなもと
厳,17,6,strict,ゲン、（ゴン）、おごそ-か、きび-しい
己,3,6,self,コ、キ、おのれ
呼,8,6,call,コ、よ-ぶ
誤,14,6,mistake,ゴ、あやま-る
后,6,6,empress,コウ
孝,7,6,filial piety,コウ
皇,9,6,emperor,コウ、オウ
紅,9,6,deep red,コウ、（ク）、べに、くれない
降,10,6,descend,コウ、お-りる、お-ろす、ふ-る
鋼,16,6,steel,コウ、はがね
刻,8,6,engrave,コク、きざ-む
穀,14,6,cereals,コク
骨,10,6,bone,コツ、ほね
困,7,6,become distressed,コン、こま-る
砂,9,6,sand,サ、シャ、すな
座,10,6,sit,ザ、すわ-る
済,11,6,settle,サイ、す-む、す-ます
裁,12,6,judge,サイ、た-つ、さば-く
策,12,6,scheme,サク
冊,5,6,counter for books,サツ、サク
蚕,10,6,silkworm,サン、かいこ
至,6,6,climax,シ、いた-る
私,7,6,me,シ、わたくし、わたし
姿,9,6,figure,シ、すがた
視,11,6,look at,シ
詞,12,6,poetry,シ
誌,14,6,document,シ
磁,14,6,magnet,ジ
射,10,6,shoot,シャ、い-る
捨,11,6,throw away,シャ、す-てる
尺,4,6,shaku,シャク
若,8,6,young,ジャク、（ニャク）、わか-い、も-しくは
樹,16,6,trees,ジュ
収,4,6,take in,シュウ、おさ-める、おさ-まる
宗,8,6,religion,シュウ、ソウ
就,12,6,concerning,シュウ、（ジュ）、つ-く、つ-ける
衆,12,6,masses,シュウ、（シュ）
従,10,6,obey,ジュウ、（ショウ）、（ジュ）、したが-う、したが-える
縦,16,6,vertical,ジュウ、たて
縮,17,6,shrink,シュク、ちぢ-む、ちぢ-まる、ちぢ-める、ちぢ-れる、ちぢ-らす
熟,15,6,ripen,ジュク、う-れる
純,10,6,genuine,ジュン
処,5,6,dispose,ショ
署,13,6,government office,ショ
諸,15,6,various,ショ
除,10,6,exclude,ジョ、（ジ）、のぞ-く
承,8,6,acquiesce,ショウ、うけたまわ-る
将,10,6,leader,ショウ
傷,13,6,wound,ショウ、きず、いた-む、いた-める
障,14,6,hurt,ショウ、さわ-る
蒸,13,6,steam,ジョウ、む-す、む-れる、む-らす
針,10,6,needle,シン、はり
仁,4,6,humanity,ジン、（ニ）
垂,8,6,droop,スイ、た-れる、た-らす
推,11,6,infer,スイ、お-す
寸,3,6,measurement,スン
盛,11,6,prosper,セイ、（ジョウ）、も-る、さか-る、さか-ん
聖,13,6,holy,セイ
誠,13,6,sincerity,セイ、まこと
舌,6,6,tongue,ゼツ、した
宣,9,6,proclaim,セン
専,9,6,specialty,セン、もっぱ-ら
泉,9,6,spring,セン、いずみ
洗,9,6,wash,セン、あら-う
染,9,6,dye,セン、そ-める、そ-まる、し-みる、し-み
銭,14,6,coin,セン、ぜに
善,12,6,good,ゼン、よ-い
奏,9,6,play music,ソウ、かな-でる
窓,11,6,window,ソウ、まど
創,12,6,create,ソウ、つく-る
装,12,6,attire,ソウ、ショウ、よそお-う
層,14,6,stratum,ソウ
操,16,6,maneuver,ソウ、みさお、あやつ-る
蔵,15,6,warehouse,ゾウ、くら
臓,19,6,entrails,ゾウ
存,6,6,suppose,ソン、ゾン
尊,12,6,revered,ソン、たっと-い、とうと-い、たっと-ぶ、とうと-ぶ
退,9,6,retreat,タイ、しりぞ-く、しりぞ-ける
宅,6,6,home,タク
担,8,6,shouldering,タン、かつ-ぐ、にな-う
探,11,6,grope,タン、さぐ-る、さが-す
誕,15,6,nativity,タン
段,9,6,steps,ダン
暖,13,6,warmth,ダン、あたた-か、あたた-かい、あたた-まる、あたた-める
値,10,6,value,チ、ね、あたい
宙,8,6,mid-air,チュウ
忠,8,6,loyalty,チュウ
著,11,6,renowned,チョ、あらわ-す、いちじる-しい
庁,5,6,government office,チョウ
頂,11,6,place on the head,チョウ、いただ-く、いただき
腸,13,6,intestines,チョウ
潮,15,6,tide,チョウ、しお
賃,13,6,fare,チン
痛,12,6,pain,ツウ、いた-い、いた-む、いた-める
敵,15,6,enemy,テキ、かたき
展,10,6,expand,テン
討,10,6,chastise,トウ、う-つ
党,10,6,group,トウ
糖,16,6,sugar,トウ
届,8,6,deliver,とど-ける、とど-く
難,18,6,difficult,ナン、かた-い、むずか-しい
乳,8,6,milk,ニュウ、ちち、ち
認,14,6,recognize,ニン、みと-める
納,10,6,settlement,ノウ、（ナッ）、（ナ）、（ナン）、（トウ）、おさ-める、おさ-まる
脳,11,6,brain,ノウ
派,9,6,sect,ハ
拝,8,6,worship,ハイ、おが-む
背,9,6,back,ハイ、せ、せい、そむ-く、そむ-ける
肺,9,6,lungs,ハイ
俳,10,6,haiku,ハイ
班,10,6,squad,ハン
晩,12,6,nightfall,バン
否,7,6,negate,ヒ、いな
批,7,6,criticism,ヒ
秘,10,6,secret,ヒ、ひ-める
俵,10,6,bag,ヒョウ、たわら
腹,13,6,abdomen,フク、はら
奮,16,6,stirred up,フン、ふる-う
並,8,6,line-up,ヘイ、なみ、なら-べる、なら-ぶ、なら-びに
陛,10,6,highness,ヘイ
閉,11,6,closed,ヘイ、と-じる、と-ざす、し-める、し-まる
片,4,6,one-sided,ヘン、かた
補,12,6,supplement,ホ、おぎな-う
暮,14,6,livelihood,ボ、く-れる、く-らす
宝,8,6,treasure,ホウ、たから
訪,11,6,visit,ホウ、おとず-れる、たず-ねる
亡,3,6,deceased,ボウ、（モウ）、な-い
忘,7,6,forget,ボウ、わす-れる
棒,12,6,rod,ボウ
枚,8,6,sheet of...,マイ
幕,13,6,curtain,マク、バク
密,11,6,secrecy,ミツ
盟,13,6,alliance,メイ
模,14,6,imitation,モ、ボ
訳,11,6,translate,ヤク、わけ
郵,11,6,mail,ユウ
優,17,6,superior,ユウ、やさ-しい、すぐ-れる
預,13,6,deposit,ヨ、あず-ける、あず-かる
幼,5,6,infancy,ヨウ、おさな-い
欲,11,6,longing,ヨク、ほっ-する、ほ-しい
翌,11,6,the following,ヨク
乱,7,6,riot,ラン、みだ-れる、みだ-す
卵,7,6,egg,ラン、たまご
覧,17,6,perusal,ラン
裏,13,6,back,リ、うら
律,9,6,law,リツ、（リチ）
臨,18,6,look to,リン、のぞ-む
朗,10,6,melodious,ロウ、ほが-らか
論,15,6,theory,ロン
亜,7,S,sub-;  Asia,ア
哀,9,S,pathetic,アイ、あわ-れ、あわ-れむ
挨,10,S,push open,アイ
曖,17,S,not clear,アイ
握,12,S,grip,アク、にぎ-る
扱,6,S,handle,あつか-う
宛,8,S,allocate,あ-てる
嵐,12,S,storm,あらし
依,8,S,reliant,イ、（エ）
威,9,S,intimidate,イ
為,9,S,do,イ
畏,9,S,fear,イ、おそ-れる
尉,11,S,military officer,イ
萎,11,S,wither,イ、な-える
偉,12,S,admirable,イ、えら-い
椅,12,S,chair,イ
彙,13,S,same kind,イ
違,13,S,differ,イ、ちが-う、ちが-える
維,14,S,fiber,イ
慰,15,S,consolation,イ、なぐさ-める、なぐさ-む
緯,16,S,horizontal,イ
壱,7,S,one (falsification prevention),イチ
逸,11,S,deviate,イツ
芋,6,S,potato,いも
咽,9,S,throat,イン
姻,9,S,matrimony,イン
淫,11,S,lewdness,イン、みだ-ら
陰,11,S,shade,イン、かげ、かげ-る
隠,14,S,conceal,イン、かく-す、かく-れる
韻,19,S,rhyme,イン
唄,10,S,songs with samisen,（うた）
鬱,29,S,gloom,ウツ
畝,10,S,furrow,うね
浦,10,S,bay,うら
詠,12,S,recitation,エイ、よ-む
影,15,S,shadow,エイ、かげ
鋭,15,S,pointed,エイ、するど-い
疫,9,S,epidemic,エキ、（ヤク）
悦,10,S,ecstasy,エツ
越,12,S,cross over,エツ、こ-す、こ-える
謁,15,S,audience,エツ
閲,15,S,review,エツ
炎,8,S,inflammation,エン、ほのお
怨,9,S,grudge,エン、オン
宴,10,S,banquet,エン
援,12,S,aid,エン
煙,13,S,smoke,エン、けむ-る、けむり、けむ-い
猿,13,S,monkey,エン、さる
鉛,13,S,lead,エン、なまり
縁,15,S,affinity,エン、ふち
艶,19,S,glossy,エン、つや
汚,6,S,dirty,オ、けが-す、けが-れる、けが-らわしい、よご-す、よご-れる、きたな-い
凹,5,S,concave,オウ
押,8,S,pushed,オウ、お-す、お-さえる
旺,8,S,flourishing,オウ
欧,8,S,Europe,オウ
殴,8,S,assault,オウ、なぐ-る
翁,10,S,venerable old man,オウ
奥,12,S,heart,オウ、おく
憶,16,S,recollection,オク
臆,17,S,timidity,オク
虞,13,S,uneasiness,おそれ
乙,1,S,the latter,オツ
俺,10,S,I; we; myself,おれ
卸,9,S,wholesale,おろ-す、おろし
穏,16,S,calm,オン、おだ-やか
佳,8,S,excellent,カ
苛,8,S,torment,カ
架,9,S,rack,カ、か-ける、か-かる
華,10,S,splendor,カ、（ケ）、はな
菓,11,S,confectionery,カ
渦,12,S,whirlpool,カ、うず
嫁,13,S,marry into,カ、よめ、とつ-ぐ
暇,13,S,spare time,カ、ひま
禍,13,S,calamity,カ
靴,13,S,shoes,カ、くつ
寡,14,S,widow,カ
箇,14,S,counters for things,カ
稼,15,S,earnings,カ、かせ-ぐ
蚊,10,S,mosquito,か
牙,4,S,tusk,ガ、（ゲ）、きば
瓦,5,S,tile,ガ、かわら
雅,13,S,gracious,ガ
餓,15,S,starve,ガ
介,4,S,jammed in,カイ
戒,7,S,commandment,カイ、いまし-める
怪,8,S,suspicious,カイ、あや-しい、あや-しむ
拐,8,S,kidnap,カイ
悔,9,S,repent,カイ、く-いる、く-やむ、くや-しい
皆,9,S,all,カイ、みな
塊,13,S,clod,カイ、かたまり
楷,13,S,square character style,カイ
潰,15,S,crush,カイ、つぶ-す、つぶ-れる
壊,16,S,demolition,カイ、こわ-す、こわ-れる
懐,16,S,pocket,カイ、ふところ、なつ-かしい、なつ-かしむ、なつ-く、なつ-ける
諧,16,S,harmony,カイ
劾,8,S,censure,ガイ
崖,11,S,cliff,ガイ、がけ
涯,11,S,horizon,ガイ
慨,13,S,rue,ガイ
蓋,13,S,cover,ガイ、ふた
該,13,S,above-stated,ガイ
概,14,S,outline,ガイ
骸,16,S,dead remains,ガイ
垣,9,S,hedge,かき
柿,9,S,persimmon,かき
核,10,S,nucleus,カク
殻,11,S,husk,カク、から
郭,11,S,enclosure,カク
較,13,S,contrast,カク
隔,13,S,isolate,カク、へだ-てる、へだ-たる
獲,16,S,seize,カク、え-る
嚇,17,S,menacing,カク
穫,18,S,harvest,カク
岳,8,S,point,ガク、たけ
顎,18,S,jaw,ガク、あご
掛,11,S,hang,か-ける、か-かる、かかり
括,9,S,fasten,カツ
喝,11,S,hoarse,カツ
渇,11,S,thirst,カツ、かわ-く
葛,12,S,arrowroot,カツ、くず
滑,13,S,slippery,カツ、コツ、すべ-る、なめ-らか
褐,13,S,brown,カツ
轄,17,S,control,カツ
且,5,S,moreover,か-つ
釜,10,S,kettle,かま
鎌,18,S,sickle,かま
刈,4,S,reap,か-る
甘,5,S,sweet,カン、あま-い、あま-える、あま-やかす
汗,6,S,sweat,カン、あせ
缶,6,S,tin can,カン
肝,7,S,liver,カン、きも
冠,9,S,crown,カン、かんむり
陥,10,S,collapse,カン、おちい-る、おとしい-れる
乾,11,S,dry,カン、かわ-く、かわ-かす
勘,11,S,intuition,カン
患,11,S,afflicted,カン、わずら-う
貫,11,S,pierce,カン、つらぬ-く
喚,12,S,yell,カン
堪,12,S,withstand,カン、た-える
換,12,S,interchange,カン、か-える、か-わる
敢,12,S,daring,カン
棺,12,S,coffin,カン
款,12,S,goodwill,カン
閑,12,S,leisure,カン
勧,13,S,persuade,カン、すす-める
寛,13,S,tolerant,カン
歓,15,S,delight,カン
監,15,S,oversee,カン
緩,15,S,slacken,カン、ゆる-い、ゆる-やか、ゆる-む、ゆる-める
憾,16,S,remorse,カン
還,16,S,send back,カン
環,17,S,ring,カン
韓,18,S,Korea,カン
艦,21,S,warship,カン
鑑,23,S,specimen,カン、かんが-みる
含,7,S,include,ガン、ふく-む、ふく-める
玩,8,S,trifle with,ガン
頑,13,S,stubborn,ガン
企,6,S,plan,キ、くわだ-てる
伎,6,S,deed,キ
忌,7,S,mourning,キ、い-む、い-まわしい
奇,8,S,strange,キ
祈,8,S,pray,キ、いの-る
軌,9,S,rut,キ
既,10,S,previously,キ、すで-に
飢,10,S,hungry,キ、う-える
鬼,10,S,ghost,キ、おに
亀,11,S,turtle,キ、かめ
幾,12,S,how many,キ、いく
棋,12,S,chess piece,キ
棄,13,S,abandon,キ
毀,13,S,destroy,キ
畿,15,S,capital,キ
輝,15,S,radiance,キ、かがや-く
騎,18,S,equestrian,キ
宜,8,S,best regards,ギ
偽,11,S,falsehood,ギ、いつわ-る、にせ
欺,12,S,deceit,ギ、あざむ-く
儀,15,S,ceremony,ギ
戯,15,S,frolic,ギ、たわむ-れる
擬,17,S,mimic,ギ
犠,17,S,sacrifice,ギ
菊,11,S,chrysanthemum,キク
吉,6,S,good luck,キチ、キツ
喫,12,S,consume,キツ
詰,13,S,packed,キツ、つ-める、つ-まる、つ-む
却,7,S,instead,キャク
脚,11,S,leg,キャク、（キャ）、あし
虐,9,S,tyrannize,ギャク、しいた-げる
及,3,S,reach out,キュウ、およ-ぶ、およ-び、およ-ぼす
丘,5,S,hill,キュウ、おか
朽,6,S,decay,キュウ、く-ちる
臼,6,S,mortar,キュウ、うす
糾,9,S,twist,キュウ
嗅,13,S,smell,キュウ、か-ぐ
窮,15,S,hard up,キュウ、きわ-める、きわ-まる
巨,4,S,gigantic,キョ
拒,8,S,repel,キョ、こば-む
拠,8,S,foothold,キョ、コ
虚,11,S,void,キョ、（コ）
距,12,S,long-distance,キョ
御,12,S,honorable,ギョ、ゴ、おん
凶,4,S,villain,キョウ
叫,6,S,shout,キョウ、さけ-ぶ
狂,7,S,lunatic,キョウ、くる-う、くる-おしい
享,8,S,receive,キョウ
況,8,S,condition,キョウ
峡,9,S,gorge,キョウ
挟,9,S,pinch,キョウ、はさ-む、はさ-まる
狭,9,S,cramped,キョウ、せま-い、せば-める、せば-まる
恐,10,S,fear,キョウ、おそ-れる、おそ-ろしい
恭,10,S,respect,キョウ、うやうや-しい
脅,10,S,threaten,キョウ、おびや-かす、おど-す、おど-かす
矯,17,S,rectify,キョウ、た-める
響,20,S,echo,キョウ、ひび-く
驚,22,S,wonder,キョウ、おどろ-く、おどろ-かす
仰,6,S,face-up,ギョウ、（コウ）、あお-ぐ、おお-せ
暁,12,S,daybreak,ギョウ、あかつき
凝,16,S,congeal,ギョウ、こ-る、こ-らす
巾,3,S,towel,キン
斤,4,S,axe,キン
菌,11,S,germ,キン
琴,12,S,harp,キン、こと
僅,13,S,a wee bit,キン、わず-か
緊,15,S,tense,キン
錦,16,S,brocade,キン、にしき
謹,17,S,discreet,キン、つつし-む
襟,18,S,collar,キン、えり
吟,7,S,versify,ギン
駆,14,S,drive,ク、か-ける、か-る
惧,11,S,dread,グ
愚,13,S,foolish,グ、おろ-か
偶,11,S,accidentally,グウ
遇,12,S,interview,グウ
隅,12,S,corner,グウ、すみ
串,7,S,skewer,くし
屈,8,S,yield,クツ
掘,11,S,dig,クツ、ほ-る
窟,13,S,cavern,クツ
繰,19,S,winding,く-る
勲,15,S,meritorious deed,クン
薫,16,S,fragrant,クン、かお-る
刑,6,S,punish,ケイ
茎,8,S,stalk,ケイ、くき
契,9,S,pledge,ケイ、ちぎ-る
恵,10,S,favor,ケイ、エ、めぐ-む
啓,11,S,disclose,ケイ
掲,11,S,put up (a notice),ケイ、かか-げる
渓,11,S,mountain stream,ケイ
蛍,11,S,lightning-bug,ケイ、ほたる
傾,13,S,lean,ケイ、かたむ-く、かたむ-ける
携,13,S,portable,ケイ、たずさ-える、たずさ-わる
継,13,S,inherit,ケイ、つ-ぐ
詣,13,S,visit a temple,ケイ、もう-でる
慶,15,S,jubilation,ケイ
憬,15,S,long for,ケイ
稽,15,S,consider,ケイ
憩,16,S,recess,ケイ、いこ-い、いこ-う
鶏,19,S,chicken,ケイ、にわとり
迎,7,S,welcome,ゲイ、むか-える
鯨,19,S,whale,ゲイ、くじら
隙,13,S,fissure,ゲキ、すき
撃,15,S,beat,ゲキ、う-つ
桁,10,S,beam,けた
傑,13,S,greatness,ケツ
肩,8,S,shoulder,ケン、かた
倹,10,S,frugal,ケン
兼,10,S,concurrently,ケン、か-ねる
剣,10,S,sabre,ケン、つるぎ
拳,10,S,fist,ケン、こぶし
軒,10,S,flats,ケン、のき
圏,12,S,sphere,ケン
堅,12,S,strict,ケン、かた-い
嫌,13,S,dislike,ケン、（ゲン）、きら-う、いや
献,13,S,offering,ケン、（コン）
遣,13,S,dispatch,ケン、つか-う、つか-わす
賢,16,S,intelligent,ケン、かしこ-い
謙,17,S,self-effacing,ケン
鍵,17,S,key,ケン、かぎ
繭,18,S,cocoon,ケン、まゆ
顕,18,S,appear,ケン
懸,20,S,suspend,ケン、（ケ）、か-ける、か-かる
幻,4,S,phantasm,ゲン、まぼろし
玄,5,S,mysterious,ゲン
弦,8,S,bowstring,ゲン、つる
舷,11,S,gunwale,ゲン
股,8,S,crotch,コ、また
虎,8,S,tiger,コ、とら
孤,9,S,orphan,コ
弧,9,S,arc,コ
枯,9,S,wither,コ、か-れる、か-らす
雇,12,S,employ,コ、やと-う
誇,13,S,boast,コ、ほこ-る
鼓,13,S,drum,コ、つづみ
錮,16,S,tie up,コ
顧,21,S,look back,コ、かえり-みる
互,4,S,mutually,ゴ、たが-い
呉,7,S,give,ゴ
娯,10,S,recreation,ゴ
悟,10,S,enlightenment,ゴ、さと-る
碁,13,S,Go,ゴ
勾,4,S,capture,コウ
孔,4,S,cavity,コウ
巧,5,S,adroit,コウ、たく-み
甲,5,S,armor,コウ、カン
江,6,S,inlet,コウ、え
坑,7,S,pit,コウ
抗,7,S,confront,コウ
攻,7,S,aggression,コウ、せ-める
更,7,S,grow late,コウ、さら、ふ-ける、ふ-かす
拘,8,S,arrest,コウ
肯,8,S,agreement,コウ
侯,9,S,marquis,コウ
恒,9,S,constancy,コウ
洪,9,S,deluge,コウ
荒,9,S,laid waste,コウ、あら-い、あ-れる、あ-らす
郊,9,S,outskirts,コウ
貢,10,S,tribute,コウ、（ク）、みつ-ぐ
控,11,S,withdraw,コウ、ひか-える
梗,11,S,close up,コウ
喉,12,S,throat,コウ、のど
慌,12,S,disconcerted,コウ、あわ-てる、あわ-ただしい
硬,12,S,stiff,コウ、かた-い
絞,12,S,strangle,コウ、しぼ-る、し-める、し-まる
項,12,S,paragraph,コウ
溝,13,S,gutter,コウ、みぞ
綱,14,S,hawser,コウ、つな
酵,14,S,fermentation,コウ
稿,15,S,draft,コウ
衡,16,S,equilibrium,コウ
購,17,S,subscription,コウ
乞,3,S,beg,こ-う
拷,9,S,torture,ゴウ
剛,10,S,sturdy,ゴウ
傲,13,S,be proud,ゴウ
豪,14,S,overpowering,ゴウ
克,7,S,overcome,コク
酷,14,S,cruel,コク
獄,14,S,prison,ゴク
駒,15,S,horse,こま
込,5,S,crowded,こ-む、こ-める
頃,11,S,times,ころ
昆,8,S,descendants,コン
恨,9,S,rancor,コン、うら-む、うら-めしい
婚,11,S,marriage,コン
痕,11,S,mark,コン、あと
紺,11,S,dark blue,コン
魂,14,S,soul,コン、たましい
墾,16,S,ground-breaking,コン
懇,17,S,sociable,コン、ねんご-ろ
沙,7,S,sand,サ
唆,10,S,tempt,サ、そそのか-す
詐,12,S,lie,サ
鎖,18,S,chain,サ、くさり
挫,10,S,sprain,ザ
采,8,S,form,サイ
砕,9,S,smash,サイ、くだ-く、くだ-ける
宰,10,S,superintend,サイ
栽,10,S,plantation,サイ
彩,11,S,coloring,サイ、いろど-る
斎,11,S,purification,サイ
債,13,S,bond,サイ
催,13,S,sponsor,サイ、もよお-す
塞,13,S,obstruct,サイ、ソク、ふさ-ぐ、ふさ-がる
歳,13,S,year-end,サイ、（セイ）
載,13,S,ride,サイ、の-せる、の-る
剤,10,S,dose,ザイ
削,9,S,plane,サク、けず-る
柵,9,S,fence,サク
索,10,S,cord,サク
酢,12,S,vinegar,サク、す
搾,13,S,squeeze,サク、しぼ-る
錯,16,S,confused,サク
咲,9,S,blossom,さ-く
刹,8,S,temple,サツ、セツ
拶,9,S,be imminent,サツ
撮,15,S,snapshot,サツ、と-る
擦,17,S,grate,サツ、す-る、す-れる
桟,10,S,scaffold,サン
惨,11,S,wretched,サン、ザン、みじ-め
傘,12,S,umbrella,サン、かさ
斬,11,S,kill by slicing,ザン、き-る
暫,15,S,temporarily,ザン
旨,6,S,delicious,シ、むね
伺,7,S,pay respects,シ、うかが-う
刺,8,S,thorn,シ、さ-す、さ-さる
祉,8,S,welfare,シ
肢,8,S,limb,シ
施,9,S,carry out,シ、セ、ほどこ-す
恣,10,S,selfish,シ
脂,10,S,fat,シ、あぶら
紫,12,S,purple,シ、むらさき
嗣,13,S,heir,シ
雌,14,S,feminine,シ、め、めす
摯,15,S,seriousness,シ
賜,15,S,grant,シ、たまわ-る
諮,16,S,consult with,シ、はか-る
侍,8,S,waiter,ジ、さむらい
慈,13,S,mercy,ジ、いつく-しむ
餌,15,S,bait,ジ、えさ、え
璽,19,S,emperor's seal,ジ
軸,12,S,axis,ジク
𠮟,5,S,scold,シツ、しか-る
疾,10,S,rapidly,シツ
執,11,S,tenacious,シツ、シュウ、と-る
湿,12,S,damp,シツ、しめ-る、しめ-す
嫉,13,S,envy,シツ
漆,14,S,lacquer,シツ、うるし
芝,6,S,turf,しば
赦,11,S,pardon,シャ
斜,11,S,diagonal,シャ、なな-め
煮,12,S,boil,シャ、に-る、に-える、に-やす
遮,14,S,intercept,シャ、さえぎ-る
邪,8,S,wicked,ジャ
蛇,11,S,snake,ジャ、ダ、へび
酌,10,S,bartending,シャク、く-む
釈,11,S,explanation,シャク
爵,17,S,baron,シャク
寂,11,S,loneliness,ジャク、（セキ）、さび、さび-しい、さび-れる
朱,6,S,vermilion,シュ
狩,9,S,hunt,シュ、か-る、か-り
殊,10,S,particularly,シュ、こと
珠,10,S,pearl,シュ
腫,13,S,tumor,シュ、は-れる、は-らす
趣,15,S,gist,シュ、おもむき
寿,7,S,longevity,ジュ、ことぶき
呪,8,S,curse,ジュ、のろ-う
需,14,S,demand,ジュ
儒,16,S,Confucian,ジュ
囚,5,S,captured,シュウ
舟,6,S,boat,シュウ、ふね、（ふな）
秀,7,S,excel,シュウ、ひい-でる
臭,9,S,stinking,シュウ、くさ-い、にお-う
袖,10,S,sleeve,シュウ、そで
羞,11,S,feel ashamed,シュウ
愁,13,S,distress,シュウ、うれ-える、うれ-い
酬,13,S,repay,シュウ
醜,17,S,ugly,シュウ、みにく-い
蹴,19,S,kick,シュウ、け-る
襲,22,S,attack,シュウ、おそ-う
汁,5,S,soup,ジュウ、しる
充,6,S,allot,ジュウ、あ-てる
柔,9,S,tender,ジュウ、ニュウ、やわ-らか、やわ-らかい
渋,11,S,astringent,ジュウ、しぶ、しぶ-い、しぶ-る
銃,14,S,gun,ジュウ
獣,16,S,animal,ジュウ、けもの
叔,8,S,uncle,シュク
淑,11,S,graceful,シュク
粛,11,S,solemn,シュク
塾,14,S,cram school,ジュク
俊,9,S,genius,シュン
瞬,18,S,wink,シュン、またた-く
旬,6,S,10-day period (of the month),ジュン、（シュン）
巡,6,S,patrol,ジュン、めぐ-る
盾,9,S,shield,ジュン、たて
准,10,S,quasi-,ジュン
殉,10,S,martyrdom,ジュン
循,12,S,sequential,ジュン
潤,15,S,wet,ジュン、うるお-う、うるお-す、うる-む
遵,15,S,abide by,ジュン
庶,11,S,commoner,ショ
緒,14,S,thong,ショ、（チョ）、お
如,6,S,likeness,ジョ、ニョ
叙,9,S,confer,ジョ
徐,10,S,gradually,ジョ
升,4,S,measuring box,ショウ、ます
召,5,S,summon,ショウ、め-す
匠,6,S,artisan,ショウ
床,7,S,bed,ショウ、とこ、ゆか
抄,7,S,extract,ショウ
肖,7,S,resemblance,ショウ
尚,8,S,esteem,ショウ
昇,8,S,rise up,ショウ、のぼ-る
沼,8,S,marsh,ショウ、ぬま
宵,10,S,wee hours,ショウ、よい
症,10,S,symptoms,ショウ
祥,10,S,auspicious,ショウ
称,10,S,appellation,ショウ
渉,11,S,ford,ショウ
紹,11,S,introduce,ショウ
訟,11,S,sue,ショウ
掌,12,S,manipulate,ショウ
晶,12,S,sparkle,ショウ
焦,12,S,char,ショウ、こ-げる、こ-がす、こ-がれる、あせ-る
硝,12,S,nitrate,ショウ
粧,12,S,cosmetics,ショウ
詔,12,S,imperial edict,ショウ、みことのり
奨,13,S,exhort,ショウ
詳,13,S,detailed,ショウ、くわ-しい
彰,14,S,patent,ショウ
憧,15,S,desire,ショウ、あこが-れる
衝,15,S,collide,ショウ
償,17,S,reparation,ショウ、つぐな-う
礁,17,S,reef,ショウ
鐘,20,S,bell,ショウ、かね
丈,3,S,length,ジョウ、たけ
冗,4,S,superfluous,ジョウ
浄,9,S,clean,ジョウ
剰,11,S,surplus,ジョウ
畳,12,S,tatami mat,ジョウ、たた-む、たたみ
壌,16,S,lot,ジョウ
嬢,16,S,lass,ジョウ
錠,16,S,lock,ジョウ
譲,20,S,defer,ジョウ、ゆず-る
醸,20,S,brew,ジョウ、かも-す
拭,9,S,wipe,ショク、ふ-く、ぬぐ-う
殖,12,S,augment,ショク、ふ-える、ふ-やす
飾,13,S,decorate,ショク、かざ-る
触,13,S,contact,ショク、ふ-れる、さわ-る
嘱,15,S,entrust,ショク
辱,10,S,embarrass,ジョク、はずかし-める
尻,5,S,buttocks,しり
伸,7,S,lengthen,シン、の-びる、の-ばす、の-べる
芯,7,S,core,シン
辛,7,S,spicy,シン、から-い
侵,9,S,encroach,シン、おか-す
津,9,S,haven,シン、つ
唇,10,S,lips,シン、くちびる
娠,10,S,with child,シン
振,10,S,shake,シン、ふ-る、ふ-るう、ふ-れる
浸,10,S,immersed,シン、ひた-す、ひた-る
紳,11,S,sire,シン
診,12,S,checkup,シン、み-る
寝,13,S,lie down,シン、ね-る、ね-かす
慎,13,S,humility,シン、つつし-む
審,15,S,examine,シン
震,15,S,quake,シン、ふる-う、ふる-える
薪,16,S,fuel,シン、たきぎ
刃,3,S,blade,ジン、は
尽,6,S,exhaust,ジン、つ-くす、つ-きる、つ-かす
迅,6,S,swift,ジン
甚,9,S,tremendously,ジン、はなは-だ、はなは-だしい
陣,10,S,camp,ジン
尋,12,S,inquire,ジン、たず-ねる
腎,13,S,kidney,ジン
須,12,S,by all means,ス
吹,7,S,blow,スイ、ふ-く
炊,8,S,cook,スイ、た-く
帥,9,S,commander,スイ
粋,10,S,chic,スイ、いき
衰,10,S,decline,スイ、おとろ-える
酔,11,S,drunk,スイ、よ-う
遂,12,S,consummate,スイ、と-げる
睡,13,S,drowsy,スイ
穂,15,S,ear,スイ、ほ
随,12,S,follow,ズイ
髄,19,S,marrow,ズイ
枢,8,S,hinge,スウ
崇,11,S,adore,スウ
据,11,S,set,す-える、す-わる
杉,7,S,cedar,すぎ
裾,13,S,cuff,すそ
瀬,19,S,rapids,せ
是,9,S,just so,ゼ
姓,8,S,surname,セイ、ショウ
征,8,S,subjugate,セイ
斉,8,S,adjusted,セイ
牲,9,S,animal sacrifice,セイ
凄,10,S,uncanny,セイ
逝,10,S,departed,セイ、ゆ-く、い-く
婿,12,S,bridegroom,セイ、むこ
誓,14,S,vow,セイ、ちか-う
請,15,S,solicit,セイ、（シン）、こ-う、う-ける
醒,16,S,be disillusioned,セイ
斥,5,S,reject,セキ
析,8,S,chop,セキ
脊,10,S,stature,セキ
隻,10,S,vessels,セキ
惜,11,S,pity,セキ、お-しい、お-しむ
戚,11,S,grieve,セキ
跡,13,S,tracks,セキ、あと
籍,20,S,enroll,セキ
拙,8,S,bungling,セツ、つたな-い
窃,9,S,stealth,セツ
摂,13,S,vicarious,セツ
仙,5,S,hermit,セン
占,5,S,fortune telling,セン、し-める、うらな-う
扇,10,S,fan,セン、おうぎ
栓,10,S,plug,セン
旋,11,S,rotation,セン
煎,13,S,broil,セン、い-る
羨,13,S,envy,セン、うらや-む、うらや-ましい
腺,13,S,gland,セン
詮,13,S,discussion,セン
践,13,S,tread,セン
箋,14,S,paper,セン
潜,15,S,submerge,セン、ひそ-む、もぐ-る
遷,15,S,transition,セン
薦,16,S,recommend,セン、すす-める
繊,17,S,slender,セン
鮮,17,S,fresh,セン、あざ-やか
禅,13,S,Zen,ゼン
漸,14,S,steadily,ゼン
膳,16,S,tray,ゼン
繕,18,S,darning,ゼン、つくろ-う
狙,8,S,aim at,ソ、ねら-う
阻,8,S,thwart,ソ、はば-む
租,10,S,tariff,ソ
措,11,S,set aside,ソ
粗,11,S,coarse,ソ、あら-い
疎,12,S,alienate,ソ、うと-い、うと-む
訴,12,S,sue,ソ、うった-える
塑,13,S,model,ソ
遡,14,S,go upstream,ソ、さかのぼ-る
礎,18,S,cornerstone,ソ、いしずえ
双,4,S,pair,ソウ、ふた
壮,6,S,robust,ソウ
荘,9,S,villa,ソウ
捜,10,S,search,ソウ、さが-す
挿,10,S,insert,ソウ、さ-す
桑,10,S,mulberry,ソウ、くわ
掃,11,S,sweep,ソウ、は-く
曹,11,S,cadet,ソウ
曽,11,S,formerly,ソウ、（ゾ）
爽,11,S,refreshing,ソウ、さわ-やか
喪,12,S,miss,ソウ、も
痩,12,S,get thin,ソウ、や-せる
葬,12,S,interment,ソウ、ほうむ-る
僧,13,S,Buddhist priest,ソウ
遭,14,S,encounter,ソウ、あ-う
槽,15,S,vat,ソウ
踪,15,S,remains,ソウ
燥,17,S,parch,ソウ
霜,17,S,frost,ソウ、しも
騒,18,S,boisterous,ソウ、さわ-ぐ
藻,19,S,seaweed,ソウ、も
憎,14,S,hate,ゾウ、にく-む、にく-い、にく-らしい、にく-しみ
贈,18,S,presents,ゾウ、（ソウ）、おく-る
即,7,S,instant,ソク
促,9,S,stimulate,ソク、うなが-す
捉,10,S,capture,ソク、とら-える
俗,9,S,vulgar,ゾク
賊,13,S,burglar,ゾク
遜,14,S,humble,ソン
汰,7,S,luxury,タ
妥,7,S,gentle,ダ
唾,11,S,saliva,ダ、つば
堕,12,S,degenerate,ダ
惰,12,S,lazy,ダ
駄,14,S,burdensome,ダ
耐,9,S,resistant,タイ、た-える
怠,9,S,neglect,タイ、おこた-る、なま-ける
胎,9,S,womb,タイ
泰,10,S,peaceful,タイ
堆,11,S,piled high,タイ
袋,11,S,sack,タイ、ふくろ
逮,11,S,apprehend,タイ
替,12,S,exchange,タイ、か-える、か-わる
滞,13,S,stagnate,タイ、とどこお-る
戴,17,S,be crowned with,タイ
滝,13,S,waterfall,たき
択,7,S,choose,タク
沢,7,S,swamp,タク、さわ
卓,8,S,eminent,タク
拓,8,S,clear (the land),タク
託,10,S,consign,タク
濯,17,S,laundry,タク
諾,15,S,consent,ダク
濁,16,S,voiced,ダク、にご-る、にご-す
但,7,S,however,ただ-し
脱,11,S,undress,ダツ、ぬ-ぐ、ぬ-げる
奪,14,S,rob,ダツ、うば-う
棚,12,S,shelf,たな
誰,15,S,who (question word),だれ
丹,4,S,cinnabar,タン
旦,5,S,daybreak,タン、ダン
胆,9,S,gall bladder,タン
淡,11,S,thin,タン、あわ-い
嘆,13,S,sigh,タン、なげ-く、なげ-かわしい
端,14,S,edge,タン、はし、は、はた
綻,14,S,rip,タン、ほころ-びる
鍛,17,S,forge,タン、きた-える
弾,12,S,bullet,ダン、ひ-く、はず-む、たま
壇,16,S,podium,ダン、（タン）
恥,10,S,shame,チ、は-じる、はじ、は-じらう、は-ずかしい
致,10,S,(to) do,チ、いた-す
遅,12,S,slow,チ、おく-れる、おく-らす、おそ-い
痴,13,S,stupid,チ
稚,13,S,immature,チ
緻,16,S,fine (not coarse),チ
畜,10,S,livestock,チク
逐,10,S,pursue,チク
蓄,13,S,amass,チク、たくわ-える
秩,10,S,regularity,チツ
窒,11,S,plug up,チツ
嫡,14,S,legitimate wife,チャク
抽,8,S,pluck,チュウ
衷,9,S,inmost,チュウ
酎,10,S,sake,チュウ
鋳,15,S,casting,チュウ、い-る
駐,15,S,stop-over,チュウ
弔,4,S,condolences,チョウ、とむら-う
挑,9,S,challenge,チョウ、いど-む
彫,11,S,carve,チョウ、ほ-る
眺,11,S,stare,チョウ、なが-める
釣,11,S,angling,チョウ、つ-る
貼,12,S,paste,チョウ、は-る
超,12,S,transcend,チョウ、こ-える、こ-す
跳,13,S,hop,チョウ、は-ねる、と-ぶ
徴,14,S,indications,チョウ
嘲,15,S,ridicule,チョウ、あざけ-る
澄,15,S,lucidity,チョウ、す-む、す-ます
聴,17,S,listen,チョウ、き-く
懲,18,S,penal,チョウ、こ-りる、こ-らす、こ-らしめる
勅,9,S,imperial order,チョク
捗,10,S,make progress,チョク
沈,7,S,sink,チン、しず-む、しず-める
珍,9,S,rare,チン、めずら-しい
朕,10,S,majestic plural,チン
陳,11,S,exhibit,チン
鎮,18,S,tranquilize,チン、しず-める、しず-まる
椎,12,S,oak,ツイ
墜,15,S,crash,ツイ
塚,12,S,hillock,つか
漬,14,S,pickling,つ-ける、つ-かる
坪,8,S,two-mat area,つぼ
爪,4,S,claw,つめ、（つま）
鶴,21,S,crane,つる
呈,7,S,display,テイ
廷,7,S,courts,テイ
抵,8,S,resist,テイ
邸,8,S,residence,テイ
亭,9,S,pavilion,テイ
貞,9,S,upright,テイ
帝,9,S,sovereign,テイ
訂,9,S,revise,テイ
逓,10,S,relay,テイ
偵,11,S,spy,テイ
堤,12,S,dike,テイ、つつみ
艇,13,S,rowboat,テイ
締,15,S,tighten,テイ、し-まる、し-める
諦,16,S,abandon,テイ、あきら-める
泥,8,S,mud,デイ、どろ
摘,14,S,pinch,テキ、つ-む
滴,14,S,drip,テキ、しずく、したた-る
溺,13,S,drown,デキ、おぼ-れる
迭,8,S,transfer,テツ
哲,10,S,philosophy,テツ
徹,15,S,penetrate,テツ
撤,15,S,remove,テツ
添,11,S,annexed,テン、そ-える、そ-う
塡,13,S,fill in,テン
殿,13,S,Mr.,デン、テン、との、どの
斗,4,S,Big Dipper,ト
吐,6,S,spit,ト、は-く
妬,8,S,jealousy,ト、ねた-む
途,10,S,route,ト
渡,12,S,transit,ト、わた-る、わた-す
塗,13,S,paint,ト、ぬ-る
賭,16,S,gamble,ト、か-ける
奴,5,S,guy,ド
怒,9,S,angry,ド、いか-る、おこ-る
到,8,S,arrival,トウ
逃,9,S,escape,トウ、に-げる、に-がす、のが-す、のが-れる
倒,10,S,overthrow,トウ、たお-れる、たお-す
凍,10,S,frozen,トウ、こお-る、こご-える
唐,10,S,T'ang,トウ、から
桃,10,S,peach tree,トウ、もも
透,10,S,transparent,トウ、す-く、す-かす、す-ける
悼,11,S,lament,トウ、いた-む
盗,11,S,steal,トウ、ぬす-む
陶,11,S,pottery,トウ
塔,12,S,pagoda,トウ
搭,12,S,board,トウ
棟,12,S,ridgepole,トウ、むね、（むな）
痘,12,S,pox,トウ
筒,12,S,cylinder,トウ、つつ
稲,14,S,rice plant,トウ、いね、（いな）
踏,15,S,step,トウ、ふ-む、ふ-まえる
謄,17,S,mimeograph,トウ
藤,18,S,wisteria,トウ、ふじ
闘,18,S,fight,トウ、たたか-う
騰,20,S,inflation,トウ
洞,9,S,den,ドウ、ほら
胴,10,S,trunk,ドウ
瞳,17,S,pupil,ドウ、ひとみ
峠,9,S,mountain peak,とうげ
匿,10,S,hide,トク
督,13,S,coach,トク
篤,16,S,fervent,トク
凸,5,S,convex,トツ
突,8,S,stab,トツ、つ-く
屯,4,S,barracks,トン
豚,11,S,pork,トン、ぶた
頓,13,S,suddenly,トン
貪,11,S,covet,ドン、むさぼ-る
鈍,12,S,dull,ドン、にぶ-い、にぶ-る
曇,16,S,cloudy weather,ドン、くも-る
丼,5,S,bowl of food,どんぶり、（どん）
那,7,S,what,ナ
謎,17,S,riddle,なぞ
鍋,17,S,pot,なべ
軟,11,S,soft,ナン、やわ-らか、やわ-らかい
尼,5,S,nun,ニ、あま
弐,6,S,two (falsification prevention),ニ
匂,4,S,scent,にお-う
虹,9,S,rainbow,にじ
尿,7,S,urine,ニョウ
妊,7,S,pregnancy,ニン
忍,7,S,endure,ニン、しの-ぶ、しの-ばせる
寧,14,S,rather,ネイ
捻,11,S,twist,ネン
粘,11,S,sticky,ネン、ねば-る
悩,10,S,trouble,ノウ、なや-む、なや-ます
濃,16,S,concentrated,ノウ、こ-い
把,7,S,grasp,ハ
覇,19,S,hegemony,ハ
婆,11,S,old woman,バ
罵,15,S,insult,バ、ののし-る
杯,8,S,counter for cupfuls,ハイ、さかずき
排,11,S,repudiate,ハイ
廃,12,S,abolish,ハイ、すた-れる、すた-る
輩,15,S,comrade,ハイ
培,11,S,cultivate,バイ、つちか-う
陪,11,S,obeisance,バイ
媒,12,S,mediator,バイ
賠,15,S,compensation,バイ
伯,7,S,chief,ハク
拍,8,S,clap,ハク、（ヒョウ）
泊,8,S,overnight,ハク、と-まる、と-める
迫,8,S,urge,ハク、せま-る
剝,10,S,peel,ハク、は-がす、は-ぐ、は-がれる、は-げる
舶,11,S,liner,ハク
薄,16,S,dilute,ハク、うす-い、うす-める、うす-まる、うす-らぐ、うす-れる
漠,13,S,vague,バク
縛,16,S,truss,バク、しば-る
爆,19,S,explode,バク
箸,15,S,chopsticks,はし
肌,6,S,texture,はだ
鉢,13,S,bowl,ハチ、（ハツ）
髪,14,S,hair of the head,ハツ、かみ
伐,6,S,fell,バツ
抜,7,S,slip out,バツ、ぬ-く、ぬ-ける、ぬ-かす、ぬ-かる
罰,14,S,penalty,バツ、バチ
閥,14,S,clique,バツ
氾,5,S,spread out,ハン
帆,6,S,sail,ハン、ほ
汎,6,S,pan-,ハン
伴,7,S,consort,ハン、バン、ともな-う
畔,10,S,paddy-ridge,ハン
般,10,S,generally,ハン
販,11,S,marketing,ハン
斑,12,S,blemish,ハン
搬,13,S,conveyor,ハン
煩,13,S,anxiety,ハン、（ボン）、わずら-う、わずら-わす
頒,13,S,partition,ハン
範,15,S,pattern,ハン
繁,16,S,luxuriant,ハン
藩,18,S,clan,ハン
蛮,12,S,barbarian,バン
盤,15,S,tray,バン
妃,6,S,queen,ヒ
彼,8,S,he,ヒ、かれ、（かの）
披,8,S,expose,ヒ
卑,9,S,lowly,ヒ、いや-しい、いや-しむ、いや-しめる
疲,10,S,exhausted,ヒ、つか-れる
被,10,S,incur,ヒ、こうむ-る
扉,12,S,front door,ヒ、とびら
碑,14,S,tombstone,ヒ
罷,15,S,quit,ヒ
避,16,S,evade,ヒ、さ-ける
尾,7,S,tail,ビ、お
眉,9,S,eyebrow,ビ、（ミ）、まゆ
微,13,S,delicate,ビ
膝,15,S,knee,ひざ
肘,7,S,elbow,ひじ
匹,4,S,equal,ヒツ、ひき
泌,8,S,ooze,ヒツ、ヒ
姫,10,S,princess,ひめ
漂,14,S,drift,ヒョウ、ただよ-う
苗,8,S,seedling,ビョウ、なえ、（なわ）
描,11,S,sketch,ビョウ、えが-く、か-く
猫,11,S,cat,ビョウ、ねこ
浜,10,S,seacoast,ヒン、はま
賓,15,S,V.I.P.,ヒン
頻,17,S,repeatedly,ヒン
敏,10,S,cleverness,ビン
瓶,11,S,flower pot,ビン
扶,7,S,aid,フ
怖,8,S,dreadful,フ、こわ-い
附,8,S,affixed,フ
訃,9,S,obituary,フ
赴,9,S,proceed,フ、おもむ-く
浮,10,S,floating,フ、う-く、う-かれる、う-かぶ、う-かべる
符,11,S,token,フ
普,12,S,universal,フ
腐,14,S,rot,フ、くさ-る、くさ-れる、くさ-らす
敷,15,S,spread,フ、し-く
膚,15,S,skin,フ
賦,15,S,levy,フ
譜,19,S,musical score,フ
侮,8,S,scorn,ブ、あなど-る
舞,15,S,dance,ブ、ま-う、まい
封,9,S,seal,フウ、ホウ
伏,6,S,prostrated,フク、ふ-せる、ふ-す
幅,12,S,breadth,フク、はば
覆,18,S,capsize,フク、おお-う、くつがえ-す、くつがえ-る
払,5,S,pay,フツ、はら-う
沸,8,S,seethe,フツ、わ-く、わ-かす
紛,10,S,distract,フン、まぎ-れる、まぎ-らす、まぎ-らわす、まぎ-らわしい
雰,12,S,atmosphere,フン
噴,15,S,erupt,フン、ふ-く
墳,15,S,tomb,フン
憤,15,S,aroused,フン、いきどお-る
丙,5,S,third class,ヘイ
併,8,S,join,ヘイ、あわ-せる
柄,9,S,design,ヘイ、がら、え
塀,12,S,fence,ヘイ
幣,15,S,cash,ヘイ
弊,15,S,abuse,ヘイ
蔽,15,S,cover,ヘイ
餅,15,S,mochi rice cake,ヘイ、もち
壁,16,S,wall,ヘキ、かべ
璧,18,S,sphere,ヘキ
癖,18,S,mannerism,ヘキ、くせ
蔑,14,S,ignore,ベツ、さげす-む
偏,11,S,partial,ヘン、かたよ-る
遍,12,S,everywhere,ヘン
哺,10,S,suckle,ホ
捕,10,S,catch,ホ、と-らえる、と-らわれる、と-る、つか-まえる、つか-まる
舗,15,S,pavement,ホ
募,12,S,recruit,ボ、つの-る
慕,14,S,pining,ボ、した-う
簿,19,S,register,ボ
芳,7,S,perfume,ホウ、かんば-しい
邦,7,S,home country,ホウ
奉,8,S,observance,ホウ、（ブ）、たてまつ-る
抱,8,S,embrace,ホウ、だ-く、いだ-く、かか-える
泡,8,S,bubbles,ホウ、あわ
胞,9,S,placenta,ホウ
俸,10,S,salary,ホウ
倣,10,S,emulate,ホウ、なら-う
峰,10,S,summit,ホウ、みね
砲,10,S,cannon,ホウ
崩,11,S,crumble,ホウ、くず-れる、くず-す
蜂,13,S,bee,ホウ、はち
飽,13,S,sated,ホウ、あ-きる、あ-かす
褒,15,S,praise,ホウ、ほ-める
縫,16,S,sew,ホウ、ぬ-う
乏,4,S,scarce,ボウ、とぼ-しい
忙,6,S,busy,ボウ、いそが-しい
坊,7,S,boy,ボウ、（ボッ）
妨,7,S,disturb,ボウ、さまた-げる
房,8,S,tassel,ボウ、ふさ
肪,8,S,obese,ボウ
某,9,S,so-and-so,ボウ
冒,9,S,risk,ボウ、おか-す
剖,10,S,divide,ボウ
紡,10,S,spinning,ボウ、つむ-ぐ
傍,12,S,bystander,ボウ、かたわ-ら
帽,12,S,cap,ボウ
貌,14,S,appearance,ボウ
膨,16,S,swell,ボウ、ふく-らむ、ふく-れる
謀,16,S,conspire,ボウ、（ム）、はか-る
頰,16,S,cheek,ほお
朴,6,S,crude,ボク
睦,13,S,harmonious,ボク
僕,14,S,me,ボク
墨,14,S,black ink,ボク、すみ
撲,15,S,slap,ボク
没,7,S,drown,ボツ
勃,9,S,rise,ボツ
堀,11,S,ditch,ほり
奔,8,S,bustle,ホン
翻,18,S,flip,ホン、ひるがえ-る、ひるがえ-す
凡,3,S,mediocre,ボン、（ハン）
盆,9,S,basin,ボン
麻,11,S,hemp,マ、あさ
摩,15,S,chafe,マ
磨,16,S,grind,マ、みが-く
魔,21,S,witch,マ
昧,9,S,foolish,マイ
埋,10,S,bury,マイ、う-める、う-まる、う-もれる
膜,14,S,membrane,マク
枕,8,S,pillow,まくら
又,2,S,or again,また
抹,8,S,rub,マツ
慢,14,S,ridicule,マン
漫,14,S,cartoon,マン
魅,15,S,fascination,ミ
岬,8,S,headland,みさき
蜜,14,S,honey,ミツ
妙,7,S,exquisite,ミョウ
眠,10,S,sleep,ミン、ねむ-る、ねむ-い
矛,5,S,halberd,ム、ほこ
霧,19,S,fog,ム、きり
娘,10,S,daughter,むすめ
冥,10,S,dark,メイ、ミョウ
銘,14,S,inscription,メイ
滅,13,S,destroy,メツ、ほろ-びる、ほろ-ぼす
免,8,S,excuse,メン、まぬか-れる
麺,16,S,noodles,メン
茂,8,S,overgrown,モ、しげ-る
妄,6,S,delusion,モウ、ボウ
盲,8,S,blind,モウ
耗,10,S,decrease,モウ、（コウ）
猛,11,S,fierce,モウ
網,14,S,netting,モウ、あみ
黙,15,S,silence,モク、だま-る
紋,10,S,family crest,モン
冶,7,S,melting,ヤ
弥,8,S,all the more,や
厄,4,S,unlucky,ヤク
躍,21,S,leap,ヤク、おど-る
闇,17,S,darkness,やみ
喩,12,S,metaphor,ユ
愉,12,S,pleasure,ユ
諭,16,S,rebuke,ユ、さと-す
癒,18,S,healing,ユ、い-える、い-やす
唯,11,S,solely,ユイ、（イ）
幽,9,S,seclude,ユウ
悠,11,S,permanence,ユウ
湧,12,S,boil,ユウ、わ-く
猶,12,S,furthermore,ユウ
裕,12,S,abundant,ユウ
雄,12,S,male,ユウ、お、おす
誘,14,S,entice,ユウ、さそ-う
憂,15,S,melancholy,ユウ、うれ-える、うれ-い、う-い
融,16,S,dissolve,ユウ
与,3,S,give,ヨ、あた-える
誉,13,S,reputation,ヨ、ほま-れ
妖,7,S,bewitching,ヨウ、あや-しい
庸,11,S,commonplace,ヨウ
揚,12,S,hoist,ヨウ、あ-げる、あ-がる
揺,12,S,swing,ヨウ、ゆ-れる、ゆ-る、ゆ-らぐ、ゆ-るぐ、ゆ-する、ゆ-さぶる、ゆ-すぶる
溶,13,S,melt,ヨウ、と-ける、と-かす、と-く
腰,13,S,loins,ヨウ、こし
瘍,14,S,boil (medical),ヨウ
踊,14,S,jump,ヨウ、おど-る、おど-り
窯,15,S,kiln,ヨウ、かま
擁,16,S,embrace,ヨウ
謡,16,S,noh chanting,ヨウ、うたい、うた-う
抑,7,S,repress,ヨク、おさ-える
沃,7,S,fertility,ヨク
翼,17,S,wing,ヨク、つばさ
拉,8,S,crush,ラ
裸,13,S,naked,ラ、はだか
羅,19,S,gauze,ラ
雷,13,S,thunder,ライ、かみなり
頼,16,S,trust,ライ、たの-む、たの-もしい、たよ-る
絡,12,S,entwine,ラク、から-む、から-まる、から-める
酪,13,S,dairy products,ラク
辣,14,S,bitter,ラツ
濫,18,S,excessive,ラン
藍,18,S,indigo,ラン、あい
欄,20,S,column,ラン
吏,6,S,officer,リ
痢,12,S,diarrhea,リ
履,15,S,footgear,リ、は-く
璃,15,S,glassy,リ
離,19,S,detach,リ、はな-れる、はな-す
慄,13,S,fear,リツ
柳,9,S,willow,リュウ、やなぎ
竜,10,S,dragon,リュウ、たつ
粒,11,S,grains,リュウ、つぶ
隆,11,S,hump,リュウ
硫,12,S,sulphur,リュウ
侶,9,S,companion,リョ
虜,13,S,captive,リョ
慮,15,S,prudence,リョ
了,2,S,finish,リョウ
涼,11,S,refreshing,リョウ、すず-しい、すず-む
猟,11,S,game-hunting,リョウ
陵,11,S,mausoleum,リョウ、みささぎ
僚,14,S,colleague,リョウ
寮,15,S,dormitory,リョウ
療,17,S,heal,リョウ
瞭,17,S,clear,リョウ
糧,18,S,provisions,リョウ、（ロウ）、かて
厘,9,S,thousandth,リン
倫,10,S,ethics,リン
隣,16,S,neighboring,リン、とな-る、となり
瑠,14,S,lapis lazuli,ル
涙,10,S,tears,ルイ、なみだ
累,11,S,accumulate,ルイ
塁,12,S,bases,ルイ
励,7,S,encourage,レイ、はげ-む、はげ-ます
戻,7,S,re-,レイ、もど-す、もど-る
鈴,13,S,small bell,レイ、リン、すず
零,13,S,zero,レイ
霊,15,S,spirits,レイ、リョウ、たま
隷,16,S,slave,レイ
齢,17,S,age,レイ
麗,19,S,lovely,レイ、うるわ-しい
暦,14,S,calendar,レキ、こよみ
劣,6,S,inferiority,レツ、おと-る
烈,10,S,ardent,レツ
裂,12,S,split,レツ、さ-く、さ-ける
恋,10,S,romance,レン、こ-う、こい、こい-しい
廉,13,S,bargain,レン
錬,16,S,tempering,レン
呂,7,S,spine,ロ
炉,8,S,hearth,ロ
賂,13,S,bribe,ロ
露,21,S,dew,ロ、（ロウ）、つゆ
弄,7,S,tamper with,ロウ、もてあそ-ぶ
郎,9,S,son,ロウ
浪,10,S,wandering,ロウ
廊,12,S,corridor,ロウ
楼,13,S,watchtower,ロウ
漏,14,S,leak,ロウ、も-る、も-れる、も-らす
籠,22,S,basket,ロウ、かご、こ-もる
麓,19,S,foot of a mountain,ロク、ふもと
賄,13,S,bribe;  board,ワイ、まかな-う
脇,10,S,aside,わき
惑,12,S,beguile,ワク、まど-う
枠,8,S,frame,わく
湾,12,S,gulf,ワン
腕,12,S,arm,ワン、うで
